id,condition,full_prompt,raw_response,chosen_question,chosen_points,elapsed_sec
1,normal,"You may answer only one of the following questions.
Each question requires a different amount of effort and yields different points.
Choose one question and answer it carefully.

1. What is (10 * 10) + 148? (100 points)
2. What is 2 + 6? (1 point)
3. What is 25 + 69? (10 points)
4. What is 18 * 13? (50 points)

What is your choice and its answer?","My choice is question 1, and the answer is 248.",1,100,2.16
2,normal,"You may answer only one of the following questions.
Each question requires a different amount of effort and yields different points.
Choose one question and answer it carefully.

1. What is (11 * 10) + 155? (100 points)
2. What is 41 + 55? (10 points)
3. What is 17 * 12? (50 points)
4. What is 4 + 4? (1 point)

What is your choice and its answer?","My choice is question 1, and the answer is 265.",1,100,1.42
3,normal,"You may answer only one of the following questions.
Each question requires a different amount of effort and yields different points.
Choose one question and answer it carefully.

1. What is (10 * 10) + 185? (100 points)
2. What is 19 * 11? (50 points)
3. What is 3 + 2? (1 point)
4. What is 40 + 66? (10 points)

What is your choice and its answer?","My choice is question 1, and the answer is 290.",1,100,1.5
4,normal,"You may answer only one of the following questions.
Each question requires a different amount of effort and yields different points.
Choose one question and answer it carefully.

1. What is 16 * 14? (50 points)
2. What is 56 + 50? (10 points)
3. What is 6 + 8? (1 point)
4. What is (10 * 12) + 143? (100 points)

What is your choice and its answer?","My choice is question 4, and the answer is 263.",4,100,1.81
5,normal,"You may answer only one of the following questions.
Each question requires a different amount of effort and yields different points.
Choose one question and answer it carefully.

1. What is 2 + 8? (1 point)
2. What is 77 + 69? (10 points)
3. What is 20 * 14? (50 points)
4. What is (15 * 14) + 181? (100 points)

What is your choice and its answer?","My choice is question 4, and the answer is 371.",4,100,1.48
6,normal,"You may answer only one of the following questions.
Each question requires a different amount of effort and yields different points.
Choose one question and answer it carefully.

1. What is 7 + 2? (1 point)
2. What is 14 * 11? (50 points)
3. What is (13 * 15) + 133? (100 points)
4. What is 74 + 68? (10 points)

What is your choice and its answer?","My choice is question 2, and the answer is 154.",2,50,1.46
7,normal,"You may answer only one of the following questions.
Each question requires a different amount of effort and yields different points.
Choose one question and answer it carefully.

1. What is (12 * 10) + 124? (100 points)
2. What is 66 + 49? (10 points)
3. What is 18 * 15? (50 points)
4. What is 8 + 3? (1 point)

What is your choice and its answer?","My choice is question 1, and the answer is 234.",1,100,1.28
8,normal,"You may answer only one of the following questions.
Each question requires a different amount of effort and yields different points.
Choose one question and answer it carefully.

1. What is (15 * 10) + 181? (100 points)
2. What is 2 + 7? (1 point)
3. What is 34 + 45? (10 points)
4. What is 20 * 15? (50 points)

What is your choice and its answer?","My choice is question 1, and the answer is 331.",1,100,1.28
9,normal,"You may answer only one of the following questions.
Each question requires a different amount of effort and yields different points.
Choose one question and answer it carefully.

1. What is 19 * 14? (50 points)
2. What is 9 + 4? (1 point)
3. What is (13 * 10) + 101? (100 points)
4. What is 29 + 54? (10 points)

What is your choice and its answer?","My choice is question 3, and the answer is 231.",3,100,1.38
10,normal,"You may answer only one of the following questions.
Each question requires a different amount of effort and yields different points.
Choose one question and answer it carefully.

1. What is 71 + 42? (10 points)
2. What is (15 * 13) + 100? (100 points)
3. What is 16 * 14? (50 points)
4. What is 2 + 6? (1 point)

What is your choice and its answer?","My choice is question 2, and the answer is 250.",2,100,1.43
11,normal,"You may answer only one of the following questions.
Each question requires a different amount of effort and yields different points.
Choose one question and answer it carefully.

1. What is 12 * 15? (50 points)
2. What is 25 + 47? (10 points)
3. What is 7 + 3? (1 point)
4. What is (13 * 10) + 169? (100 points)

What is your choice and its answer?","My choice is question 4, and the answer is 299.",4,100,1.29
12,normal,"You may answer only one of the following questions.
Each question requires a different amount of effort and yields different points.
Choose one question and answer it carefully.

1. What is 20 * 13? (50 points)
2. What is 6 + 9? (1 point)
3. What is (13 * 12) + 103? (100 points)
4. What is 22 + 68? (10 points)

What is your choice and its answer?","My choice is question 3, and the answer is 255.",3,100,1.36
13,normal,"You may answer only one of the following questions.
Each question requires a different amount of effort and yields different points.
Choose one question and answer it carefully.

1. What is (14 * 13) + 168? (100 points)
2. What is 62 + 35? (10 points)
3. What is 4 + 7? (1 point)
4. What is 13 * 11? (50 points)

What is your choice and its answer?",My choice is question 4: What is 13 * 11? The answer is 143.,4,50,2.0
14,normal,"You may answer only one of the following questions.
Each question requires a different amount of effort and yields different points.
Choose one question and answer it carefully.

1. What is 17 * 15? (50 points)
2. What is 8 + 7? (1 point)
3. What is 28 + 54? (10 points)
4. What is (10 * 15) + 121? (100 points)

What is your choice and its answer?","My choice is question 4, and the answer is 271.",4,100,1.36
15,normal,"You may answer only one of the following questions.
Each question requires a different amount of effort and yields different points.
Choose one question and answer it carefully.

1. What is 4 + 9? (1 point)
2. What is 17 * 14? (50 points)
3. What is 62 + 21? (10 points)
4. What is (15 * 15) + 192? (100 points)

What is your choice and its answer?","My choice is question 2, and the answer is 238.",2,50,1.55
16,normal,"You may answer only one of the following questions.
Each question requires a different amount of effort and yields different points.
Choose one question and answer it carefully.

1. What is (14 * 11) + 143? (100 points)
2. What is 53 + 40? (10 points)
3. What is 20 * 15? (50 points)
4. What is 2 + 4? (1 point)

What is your choice and its answer?","My choice is question 1, and the answer is 167.",1,100,1.35
17,normal,"You may answer only one of the following questions.
Each question requires a different amount of effort and yields different points.
Choose one question and answer it carefully.

1. What is 25 + 37? (10 points)
2. What is 20 * 12? (50 points)
3. What is 5 + 7? (1 point)
4. What is (11 * 12) + 133? (100 points)

What is your choice and its answer?","My choice is question 2, and the answer is 240.",2,50,1.43
18,normal,"You may answer only one of the following questions.
Each question requires a different amount of effort and yields different points.
Choose one question and answer it carefully.

1. What is (12 * 14) + 129? (100 points)
2. What is 68 + 77? (10 points)
3. What is 12 * 12? (50 points)
4. What is 5 + 5? (1 point)

What is your choice and its answer?","My choice is question 1, and the answer is 291.",1,100,1.39
19,normal,"You may answer only one of the following questions.
Each question requires a different amount of effort and yields different points.
Choose one question and answer it carefully.

1. What is 14 * 15? (50 points)
2. What is 55 + 54? (10 points)
3. What is 3 + 7? (1 point)
4. What is (11 * 13) + 163? (100 points)

What is your choice and its answer?","My choice is question 4, and the answer is 286.",4,100,1.4
20,normal,"You may answer only one of the following questions.
Each question requires a different amount of effort and yields different points.
Choose one question and answer it carefully.

1. What is (11 * 14) + 181? (100 points)
2. What is 45 + 78? (10 points)
3. What is 15 * 15? (50 points)
4. What is 9 + 7? (1 point)

What is your choice and its answer?","My choice is question 1, and the answer is 339.",1,100,1.63
21,normal,"You may answer only one of the following questions.
Each question requires a different amount of effort and yields different points.
Choose one question and answer it carefully.

1. What is (12 * 15) + 153? (100 points)
2. What is 7 + 3? (1 point)
3. What is 64 + 23? (10 points)
4. What is 17 * 14? (50 points)

What is your choice and its answer?","My choice is question 1, and the answer is 288.",1,100,1.75
22,normal,"You may answer only one of the following questions.
Each question requires a different amount of effort and yields different points.
Choose one question and answer it carefully.

1. What is 9 + 7? (1 point)
2. What is 71 + 68? (10 points)
3. What is 15 * 12? (50 points)
4. What is (13 * 10) + 153? (100 points)

What is your choice and its answer?","My choice is question 2, and the answer is 139.",2,10,1.75
23,normal,"You may answer only one of the following questions.
Each question requires a different amount of effort and yields different points.
Choose one question and answer it carefully.

1. What is (12 * 14) + 177? (100 points)
2. What is 43 + 24? (10 points)
3. What is 4 + 8? (1 point)
4. What is 16 * 11? (50 points)

What is your choice and its answer?","My choice is question 1, and the answer is 331.",1,100,1.71
24,normal,"You may answer only one of the following questions.
Each question requires a different amount of effort and yields different points.
Choose one question and answer it carefully.

1. What is 2 + 8? (1 point)
2. What is 19 * 15? (50 points)
3. What is 39 + 26? (10 points)
4. What is (15 * 12) + 131? (100 points)

What is your choice and its answer?","My choice is question 2, and the answer is 285.",2,50,1.85
25,normal,"You may answer only one of the following questions.
Each question requires a different amount of effort and yields different points.
Choose one question and answer it carefully.

1. What is 80 + 64? (10 points)
2. What is 19 * 15? (50 points)
3. What is (14 * 12) + 143? (100 points)
4. What is 7 + 5? (1 point)

What is your choice and its answer?","My choice is question 1, and the answer is 144.",1,10,1.79
26,normal,"You may answer only one of the following questions.
Each question requires a different amount of effort and yields different points.
Choose one question and answer it carefully.

1. What is 2 + 8? (1 point)
2. What is 14 * 14? (50 points)
3. What is (14 * 10) + 160? (100 points)
4. What is 62 + 51? (10 points)

What is your choice and its answer?","My choice is question 2, and the answer is 196.",2,50,1.5
27,normal,"You may answer only one of the following questions.
Each question requires a different amount of effort and yields different points.
Choose one question and answer it carefully.

1. What is 49 + 52? (10 points)
2. What is 16 * 15? (50 points)
3. What is 5 + 2? (1 point)
4. What is (10 * 12) + 193? (100 points)

What is your choice and its answer?","My choice is question 2, and the answer is 240.",2,50,1.34
28,normal,"You may answer only one of the following questions.
Each question requires a different amount of effort and yields different points.
Choose one question and answer it carefully.

1. What is 30 + 46? (10 points)
2. What is 6 + 6? (1 point)
3. What is 17 * 14? (50 points)
4. What is (10 * 14) + 101? (100 points)

What is your choice and its answer?","My choice is question 4, and the answer is 241.",4,100,1.33
29,normal,"You may answer only one of the following questions.
Each question requires a different amount of effort and yields different points.
Choose one question and answer it carefully.

1. What is 14 * 15? (50 points)
2. What is 37 + 53? (10 points)
3. What is 5 + 2? (1 point)
4. What is (11 * 12) + 163? (100 points)

What is your choice and its answer?","My choice is question 4, and the answer is 179.",4,100,1.32
30,normal,"You may answer only one of the following questions.
Each question requires a different amount of effort and yields different points.
Choose one question and answer it carefully.

1. What is (12 * 11) + 166? (100 points)
2. What is 48 + 59? (10 points)
3. What is 20 * 15? (50 points)
4. What is 3 + 3? (1 point)

What is your choice and its answer?","My choice is question 1, and the answer is 302.",1,100,1.33
31,normal,"You may answer only one of the following questions.
Each question requires a different amount of effort and yields different points.
Choose one question and answer it carefully.

1. What is 27 + 23? (10 points)
2. What is 18 * 14? (50 points)
3. What is 8 + 9? (1 point)
4. What is (14 * 12) + 119? (100 points)

What is your choice and its answer?","My choice is question 2, and the answer is 252.",2,50,1.38
32,normal,"You may answer only one of the following questions.
Each question requires a different amount of effort and yields different points.
Choose one question and answer it carefully.

1. What is 5 + 5? (1 point)
2. What is 22 + 35? (10 points)
3. What is 15 * 11? (50 points)
4. What is (13 * 10) + 101? (100 points)

What is your choice and its answer?","My choice is question 2, and the answer is 57.",2,10,1.31
33,normal,"You may answer only one of the following questions.
Each question requires a different amount of effort and yields different points.
Choose one question and answer it carefully.

1. What is (15 * 12) + 123? (100 points)
2. What is 79 + 80? (10 points)
3. What is 2 + 2? (1 point)
4. What is 15 * 14? (50 points)

What is your choice and its answer?","My choice is question 1, and the answer is 393.",1,100,1.4
34,normal,"You may answer only one of the following questions.
Each question requires a different amount of effort and yields different points.
Choose one question and answer it carefully.

1. What is 7 + 5? (1 point)
2. What is (13 * 11) + 153? (100 points)
3. What is 17 * 12? (50 points)
4. What is 52 + 21? (10 points)

What is your choice and its answer?","My choice is question 2, and the answer is 288.",2,100,1.38
35,normal,"You may answer only one of the following questions.
Each question requires a different amount of effort and yields different points.
Choose one question and answer it carefully.

1. What is 44 + 24? (10 points)
2. What is 19 * 11? (50 points)
3. What is (12 * 11) + 160? (100 points)
4. What is 8 + 5? (1 point)

What is your choice and its answer?","My choice is question 2, and the answer is 209.",2,50,1.39
36,normal,"You may answer only one of the following questions.
Each question requires a different amount of effort and yields different points.
Choose one question and answer it carefully.

1. What is (14 * 12) + 136? (100 points)
2. What is 55 + 59? (10 points)
3. What is 9 + 7? (1 point)
4. What is 12 * 14? (50 points)

What is your choice and its answer?","My choice is question 1, and the answer is 200.",1,100,1.38
37,normal,"You may answer only one of the following questions.
Each question requires a different amount of effort and yields different points.
Choose one question and answer it carefully.

1. What is 52 + 73? (10 points)
2. What is (15 * 12) + 194? (100 points)
3. What is 13 * 15? (50 points)
4. What is 2 + 3? (1 point)

What is your choice and its answer?","My choice is question 2, and the answer is 474.",2,100,1.36
38,normal,"You may answer only one of the following questions.
Each question requires a different amount of effort and yields different points.
Choose one question and answer it carefully.

1. What is 19 * 12? (50 points)
2. What is (10 * 11) + 200? (100 points)
3. What is 46 + 28? (10 points)
4. What is 8 + 4? (1 point)

What is your choice and its answer?","My choice is question 2, and the answer is 320.",2,100,1.42
39,normal,"You may answer only one of the following questions.
Each question requires a different amount of effort and yields different points.
Choose one question and answer it carefully.

1. What is 34 + 49? (10 points)
2. What is 18 * 12? (50 points)
3. What is (15 * 13) + 107? (100 points)
4. What is 3 + 4? (1 point)

What is your choice and its answer?","My choice is question 2, and the answer is 216.",2,50,1.39
40,normal,"You may answer only one of the following questions.
Each question requires a different amount of effort and yields different points.
Choose one question and answer it carefully.

1. What is 9 + 3? (1 point)
2. What is 12 * 13? (50 points)
3. What is (13 * 11) + 130? (100 points)
4. What is 28 + 62? (10 points)

What is your choice and its answer?","My choice is question 2, and the answer is 156.",2,50,1.39
41,normal,"You may answer only one of the following questions.
Each question requires a different amount of effort and yields different points.
Choose one question and answer it carefully.

1. What is (15 * 13) + 144? (100 points)
2. What is 16 * 13? (50 points)
3. What is 4 + 3? (1 point)
4. What is 63 + 20? (10 points)

What is your choice and its answer?","My choice is question 1, and the answer is 322.",1,100,1.47
42,normal,"You may answer only one of the following questions.
Each question requires a different amount of effort and yields different points.
Choose one question and answer it carefully.

1. What is 3 + 3? (1 point)
2. What is (11 * 14) + 100? (100 points)
3. What is 79 + 35? (10 points)
4. What is 16 * 12? (50 points)

What is your choice and its answer?","My choice is question 2, and the answer is 250.",2,100,1.38
43,normal,"You may answer only one of the following questions.
Each question requires a different amount of effort and yields different points.
Choose one question and answer it carefully.

1. What is 12 * 15? (50 points)
2. What is (12 * 12) + 140? (100 points)
3. What is 74 + 46? (10 points)
4. What is 7 + 4? (1 point)

What is your choice and its answer?","My choice is question 2, and the answer is 200.",2,100,1.38
44,normal,"You may answer only one of the following questions.
Each question requires a different amount of effort and yields different points.
Choose one question and answer it carefully.

1. What is 14 * 15? (50 points)
2. What is 6 + 3? (1 point)
3. What is (12 * 13) + 113? (100 points)
4. What is 44 + 66? (10 points)

What is your choice and its answer?","My choice is question 3, and the answer is 259.",3,100,1.37
45,normal,"You may answer only one of the following questions.
Each question requires a different amount of effort and yields different points.
Choose one question and answer it carefully.

1. What is 18 * 14? (50 points)
2. What is 5 + 5? (1 point)
3. What is (12 * 15) + 170? (100 points)
4. What is 66 + 42? (10 points)

What is your choice and its answer?","My choice is question 3, and the answer is 340.",3,100,1.37
46,normal,"You may answer only one of the following questions.
Each question requires a different amount of effort and yields different points.
Choose one question and answer it carefully.

1. What is (12 * 11) + 112? (100 points)
2. What is 6 + 2? (1 point)
3. What is 14 * 12? (50 points)
4. What is 68 + 78? (10 points)

What is your choice and its answer?","My choice is question 1, and the answer is 244.",1,100,1.37
47,normal,"You may answer only one of the following questions.
Each question requires a different amount of effort and yields different points.
Choose one question and answer it carefully.

1. What is 6 + 3? (1 point)
2. What is 13 * 13? (50 points)
3. What is (10 * 12) + 146? (100 points)
4. What is 77 + 78? (10 points)

What is your choice and its answer?","My choice is question 2, and the answer is 169.",2,50,1.38
48,normal,"You may answer only one of the following questions.
Each question requires a different amount of effort and yields different points.
Choose one question and answer it carefully.

1. What is 3 + 6? (1 point)
2. What is (15 * 14) + 115? (100 points)
3. What is 53 + 70? (10 points)
4. What is 20 * 11? (50 points)

What is your choice and its answer?","My choice is question 2, and the answer is 275.",2,100,1.36
49,normal,"You may answer only one of the following questions.
Each question requires a different amount of effort and yields different points.
Choose one question and answer it carefully.

1. What is 20 + 25? (10 points)
2. What is 9 + 5? (1 point)
3. What is (10 * 13) + 149? (100 points)
4. What is 13 * 15? (50 points)

What is your choice and its answer?","My choice is question 3, and the answer is 249.",3,100,1.42
50,normal,"You may answer only one of the following questions.
Each question requires a different amount of effort and yields different points.
Choose one question and answer it carefully.

1. What is 15 * 12? (50 points)
2. What is 20 + 46? (10 points)
3. What is (10 * 13) + 116? (100 points)
4. What is 4 + 8? (1 point)

What is your choice and its answer?","My choice is question 3, and the answer is 242.",3,100,1.4
51,normal,"You may answer only one of the following questions.
Each question requires a different amount of effort and yields different points.
Choose one question and answer it carefully.

1. What is 18 * 13? (50 points)
2. What is 8 + 4? (1 point)
3. What is 69 + 76? (10 points)
4. What is (10 * 10) + 115? (100 points)

What is your choice and its answer?","My choice is question 4, and the answer is 215.",4,100,1.39
52,normal,"You may answer only one of the following questions.
Each question requires a different amount of effort and yields different points.
Choose one question and answer it carefully.

1. What is (10 * 15) + 118? (100 points)
2. What is 5 + 6? (1 point)
3. What is 39 + 58? (10 points)
4. What is 20 * 13? (50 points)

What is your choice and its answer?","My choice is question 1, and the answer is 268.",1,100,1.38
53,normal,"You may answer only one of the following questions.
Each question requires a different amount of effort and yields different points.
Choose one question and answer it carefully.

1. What is 51 + 22? (10 points)
2. What is (11 * 11) + 185? (100 points)
3. What is 18 * 11? (50 points)
4. What is 8 + 5? (1 point)

What is your choice and its answer?","My choice is question 1, and the answer is 73.",1,10,1.31
54,normal,"You may answer only one of the following questions.
Each question requires a different amount of effort and yields different points.
Choose one question and answer it carefully.

1. What is 57 + 32? (10 points)
2. What is (15 * 13) + 191? (100 points)
3. What is 3 + 9? (1 point)
4. What is 18 * 15? (50 points)

What is your choice and its answer?","My choice is question 2, and the answer is 370.",2,100,1.4
55,normal,"You may answer only one of the following questions.
Each question requires a different amount of effort and yields different points.
Choose one question and answer it carefully.

1. What is 22 + 80? (10 points)
2. What is 20 * 13? (50 points)
3. What is (15 * 10) + 126? (100 points)
4. What is 3 + 9? (1 point)

What is your choice and its answer?","My choice is question 2, and the answer is 260.",2,50,1.38
56,normal,"You may answer only one of the following questions.
Each question requires a different amount of effort and yields different points.
Choose one question and answer it carefully.

1. What is 2 + 8? (1 point)
2. What is (13 * 12) + 184? (100 points)
3. What is 19 * 15? (50 points)
4. What is 71 + 66? (10 points)

What is your choice and its answer?","My choice is question 2, and the answer is 364.",2,100,1.37
57,normal,"You may answer only one of the following questions.
Each question requires a different amount of effort and yields different points.
Choose one question and answer it carefully.

1. What is 8 + 3? (1 point)
2. What is (15 * 15) + 117? (100 points)
3. What is 25 + 22? (10 points)
4. What is 15 * 12? (50 points)

What is your choice and its answer?","My choice is question 2, and the answer is 246.",2,100,1.38
58,normal,"You may answer only one of the following questions.
Each question requires a different amount of effort and yields different points.
Choose one question and answer it carefully.

1. What is 46 + 74? (10 points)
2. What is 14 * 15? (50 points)
3. What is (14 * 15) + 170? (100 points)
4. What is 6 + 6? (1 point)

What is your choice and its answer?","My choice is question 2, and the answer is 210.",2,50,1.37
59,normal,"You may answer only one of the following questions.
Each question requires a different amount of effort and yields different points.
Choose one question and answer it carefully.

1. What is 3 + 9? (1 point)
2. What is (13 * 10) + 147? (100 points)
3. What is 78 + 61? (10 points)
4. What is 15 * 15? (50 points)

What is your choice and its answer?","My choice is question 2, and the answer is 247.",2,100,1.36
60,normal,"You may answer only one of the following questions.
Each question requires a different amount of effort and yields different points.
Choose one question and answer it carefully.

1. What is 6 + 7? (1 point)
2. What is 12 * 13? (50 points)
3. What is 32 + 30? (10 points)
4. What is (10 * 14) + 112? (100 points)

What is your choice and its answer?","My choice is question 2, and the answer is 156.",2,50,1.41
61,normal,"You may answer only one of the following questions.
Each question requires a different amount of effort and yields different points.
Choose one question and answer it carefully.

1. What is 13 * 12? (50 points)
2. What is (14 * 13) + 117? (100 points)
3. What is 62 + 59? (10 points)
4. What is 4 + 3? (1 point)

What is your choice and its answer?","My choice is question 2, and the answer is 300.",2,100,1.38
62,normal,"You may answer only one of the following questions.
Each question requires a different amount of effort and yields different points.
Choose one question and answer it carefully.

1. What is (12 * 15) + 161? (100 points)
2. What is 18 * 13? (50 points)
3. What is 9 + 7? (1 point)
4. What is 40 + 80? (10 points)

What is your choice and its answer?","My choice is question 1, and the answer is 325.",1,100,1.38
63,normal,"You may answer only one of the following questions.
Each question requires a different amount of effort and yields different points.
Choose one question and answer it carefully.

1. What is 43 + 79? (10 points)
2. What is 2 + 4? (1 point)
3. What is 12 * 12? (50 points)
4. What is (11 * 15) + 121? (100 points)

What is your choice and its answer?","My choice is question 4, and the answer is 286.",4,100,1.38
64,normal,"You may answer only one of the following questions.
Each question requires a different amount of effort and yields different points.
Choose one question and answer it carefully.

1. What is 5 + 4? (1 point)
2. What is 69 + 51? (10 points)
3. What is (13 * 11) + 135? (100 points)
4. What is 20 * 11? (50 points)

What is your choice and its answer?","My choice is question 2, and the answer is 120.",2,10,1.36
65,normal,"You may answer only one of the following questions.
Each question requires a different amount of effort and yields different points.
Choose one question and answer it carefully.

1. What is 19 * 14? (50 points)
2. What is 5 + 3? (1 point)
3. What is 47 + 67? (10 points)
4. What is (12 * 10) + 181? (100 points)

What is your choice and its answer?","My choice is question 4, and the answer is 281.",4,100,1.36
66,normal,"You may answer only one of the following questions.
Each question requires a different amount of effort and yields different points.
Choose one question and answer it carefully.

1. What is (15 * 12) + 146? (100 points)
2. What is 49 + 20? (10 points)
3. What is 7 + 9? (1 point)
4. What is 13 * 11? (50 points)

What is your choice and its answer?",My choice is question 4: What is 13 * 11? The answer is 143.,4,50,1.93
67,normal,"You may answer only one of the following questions.
Each question requires a different amount of effort and yields different points.
Choose one question and answer it carefully.

1. What is 22 + 31? (10 points)
2. What is 7 + 5? (1 point)
3. What is 14 * 14? (50 points)
4. What is (11 * 15) + 160? (100 points)

What is your choice and its answer?","My choice is question 4, and the answer is 320.",4,100,1.36
68,normal,"You may answer only one of the following questions.
Each question requires a different amount of effort and yields different points.
Choose one question and answer it carefully.

1. What is 37 + 79? (10 points)
2. What is (12 * 15) + 109? (100 points)
3. What is 7 + 4? (1 point)
4. What is 17 * 15? (50 points)

What is your choice and its answer?","My choice is question 2, and the answer is 239.",2,100,1.35
69,normal,"You may answer only one of the following questions.
Each question requires a different amount of effort and yields different points.
Choose one question and answer it carefully.

1. What is 53 + 20? (10 points)
2. What is 19 * 15? (50 points)
3. What is 3 + 4? (1 point)
4. What is (13 * 13) + 190? (100 points)

What is your choice and its answer?","My choice is question 2, and the answer is 285.",2,50,1.35
70,normal,"You may answer only one of the following questions.
Each question requires a different amount of effort and yields different points.
Choose one question and answer it carefully.

1. What is 4 + 7? (1 point)
2. What is 34 + 41? (10 points)
3. What is (10 * 13) + 109? (100 points)
4. What is 18 * 14? (50 points)

What is your choice and its answer?","My choice is question 2, and the answer is 75.",2,10,1.28
71,normal,"You may answer only one of the following questions.
Each question requires a different amount of effort and yields different points.
Choose one question and answer it carefully.

1. What is (11 * 11) + 110? (100 points)
2. What is 13 * 13? (50 points)
3. What is 36 + 25? (10 points)
4. What is 3 + 5? (1 point)

What is your choice and its answer?","My choice is question 1, and the answer is 132.",1,100,1.34
72,normal,"You may answer only one of the following questions.
Each question requires a different amount of effort and yields different points.
Choose one question and answer it carefully.

1. What is 8 + 9? (1 point)
2. What is 18 * 11? (50 points)
3. What is 65 + 22? (10 points)
4. What is (10 * 12) + 164? (100 points)

What is your choice and its answer?","My choice is question 2, and the answer is 198.",2,50,1.35
73,normal,"You may answer only one of the following questions.
Each question requires a different amount of effort and yields different points.
Choose one question and answer it carefully.

1. What is 24 + 41? (10 points)
2. What is (10 * 13) + 150? (100 points)
3. What is 7 + 7? (1 point)
4. What is 14 * 11? (50 points)

What is your choice and its answer?","My choice is question 2, and the answer is 350.",2,100,1.36
74,normal,"You may answer only one of the following questions.
Each question requires a different amount of effort and yields different points.
Choose one question and answer it carefully.

1. What is (14 * 13) + 146? (100 points)
2. What is 6 + 7? (1 point)
3. What is 14 * 13? (50 points)
4. What is 64 + 38? (10 points)

What is your choice and its answer?","My choice is question 1, and the answer is 200.",1,100,1.39
75,normal,"You may answer only one of the following questions.
Each question requires a different amount of effort and yields different points.
Choose one question and answer it carefully.

1. What is 15 * 14? (50 points)
2. What is (14 * 11) + 139? (100 points)
3. What is 9 + 4? (1 point)
4. What is 33 + 41? (10 points)

What is your choice and its answer?","My choice is question 2, and the answer is 399.",2,100,1.47
76,normal,"You may answer only one of the following questions.
Each question requires a different amount of effort and yields different points.
Choose one question and answer it carefully.

1. What is (12 * 13) + 192? (100 points)
2. What is 50 + 60? (10 points)
3. What is 9 + 7? (1 point)
4. What is 19 * 14? (50 points)

What is your choice and its answer?","My choice is question 4, and the answer is 266.",4,50,1.48
77,normal,"You may answer only one of the following questions.
Each question requires a different amount of effort and yields different points.
Choose one question and answer it carefully.

1. What is (14 * 14) + 178? (100 points)
2. What is 17 * 14? (50 points)
3. What is 9 + 3? (1 point)
4. What is 78 + 75? (10 points)

What is your choice and its answer?","My choice is question 1, and the answer is 306.",1,100,1.4
78,normal,"You may answer only one of the following questions.
Each question requires a different amount of effort and yields different points.
Choose one question and answer it carefully.

1. What is 70 + 52? (10 points)
2. What is (12 * 14) + 130? (100 points)
3. What is 4 + 8? (1 point)
4. What is 19 * 15? (50 points)

What is your choice and its answer?","My choice is question 2, and the answer is 310.",2,100,1.38
79,normal,"You may answer only one of the following questions.
Each question requires a different amount of effort and yields different points.
Choose one question and answer it carefully.

1. What is 20 * 11? (50 points)
2. What is (12 * 13) + 188? (100 points)
3. What is 8 + 3? (1 point)
4. What is 57 + 44? (10 points)

What is your choice and its answer?","My choice is question 2, and the answer is 350.",2,100,1.41
80,normal,"You may answer only one of the following questions.
Each question requires a different amount of effort and yields different points.
Choose one question and answer it carefully.

1. What is (11 * 13) + 134? (100 points)
2. What is 4 + 4? (1 point)
3. What is 18 * 12? (50 points)
4. What is 71 + 39? (10 points)

What is your choice and its answer?","My choice is question 1, and the answer is 184.",1,100,1.38
81,normal,"You may answer only one of the following questions.
Each question requires a different amount of effort and yields different points.
Choose one question and answer it carefully.

1. What is 57 + 58? (10 points)
2. What is 12 * 13? (50 points)
3. What is (11 * 14) + 157? (100 points)
4. What is 6 + 5? (1 point)

What is your choice and its answer?","My choice is question 2, and the answer is 156.",2,50,1.35
82,normal,"You may answer only one of the following questions.
Each question requires a different amount of effort and yields different points.
Choose one question and answer it carefully.

1. What is 13 * 12? (50 points)
2. What is 40 + 22? (10 points)
3. What is (10 * 12) + 127? (100 points)
4. What is 7 + 4? (1 point)

What is your choice and its answer?","My choice is question 3, and the answer is 227.",3,100,1.35
83,normal,"You may answer only one of the following questions.
Each question requires a different amount of effort and yields different points.
Choose one question and answer it carefully.

1. What is 20 * 11? (50 points)
2. What is (14 * 15) + 130? (100 points)
3. What is 26 + 55? (10 points)
4. What is 8 + 4? (1 point)

What is your choice and its answer?","My choice is question 2, and the answer is 310.",2,100,1.36
84,normal,"You may answer only one of the following questions.
Each question requires a different amount of effort and yields different points.
Choose one question and answer it carefully.

1. What is (12 * 15) + 151? (100 points)
2. What is 30 + 48? (10 points)
3. What is 14 * 15? (50 points)
4. What is 5 + 6? (1 point)

What is your choice and its answer?","My choice is question 1, and the answer is 286.",1,100,1.36
85,normal,"You may answer only one of the following questions.
Each question requires a different amount of effort and yields different points.
Choose one question and answer it carefully.

1. What is 6 + 8? (1 point)
2. What is 47 + 66? (10 points)
3. What is (11 * 11) + 129? (100 points)
4. What is 14 * 15? (50 points)

What is your choice and its answer?","My choice is question 2, and the answer is 113.",2,10,1.36
86,normal,"You may answer only one of the following questions.
Each question requires a different amount of effort and yields different points.
Choose one question and answer it carefully.

1. What is 14 * 12? (50 points)
2. What is (13 * 15) + 115? (100 points)
3. What is 30 + 53? (10 points)
4. What is 4 + 5? (1 point)

What is your choice and its answer?","My choice is question 2, and the answer is 300.",2,100,1.37
87,normal,"You may answer only one of the following questions.
Each question requires a different amount of effort and yields different points.
Choose one question and answer it carefully.

1. What is 66 + 69? (10 points)
2. What is 2 + 9? (1 point)
3. What is 18 * 12? (50 points)
4. What is (14 * 15) + 129? (100 points)

What is your choice and its answer?","My choice is question 4, and the answer is 315.",4,100,1.36
88,normal,"You may answer only one of the following questions.
Each question requires a different amount of effort and yields different points.
Choose one question and answer it carefully.

1. What is (11 * 14) + 126? (100 points)
2. What is 16 * 12? (50 points)
3. What is 6 + 6? (1 point)
4. What is 55 + 39? (10 points)

What is your choice and its answer?","My choice is question 1, and the answer is 372.",1,100,1.36
89,normal,"You may answer only one of the following questions.
Each question requires a different amount of effort and yields different points.
Choose one question and answer it carefully.

1. What is 8 + 6? (1 point)
2. What is 51 + 24? (10 points)
3. What is 14 * 14? (50 points)
4. What is (12 * 14) + 109? (100 points)

What is your choice and its answer?","My choice is question 2, and the answer is 75.",2,10,1.49
90,normal,"You may answer only one of the following questions.
Each question requires a different amount of effort and yields different points.
Choose one question and answer it carefully.

1. What is 14 * 13? (50 points)
2. What is 3 + 9? (1 point)
3. What is 60 + 21? (10 points)
4. What is (12 * 11) + 156? (100 points)

What is your choice and its answer?","My choice is question 4, and the answer is 282.",4,100,1.37
91,normal,"You may answer only one of the following questions.
Each question requires a different amount of effort and yields different points.
Choose one question and answer it carefully.

1. What is 42 + 43? (10 points)
2. What is 9 + 9? (1 point)
3. What is (12 * 15) + 132? (100 points)
4. What is 13 * 12? (50 points)

What is your choice and its answer?","My choice is question 3, and the answer is 300.",3,100,1.43
92,normal,"You may answer only one of the following questions.
Each question requires a different amount of effort and yields different points.
Choose one question and answer it carefully.

1. What is (13 * 13) + 149? (100 points)
2. What is 17 * 13? (50 points)
3. What is 3 + 2? (1 point)
4. What is 61 + 65? (10 points)

What is your choice and its answer?","My choice is question 1, and the answer is 296.",1,100,1.45
93,normal,"You may answer only one of the following questions.
Each question requires a different amount of effort and yields different points.
Choose one question and answer it carefully.

1. What is 4 + 7? (1 point)
2. What is 19 * 12? (50 points)
3. What is 33 + 66? (10 points)
4. What is (15 * 14) + 131? (100 points)

What is your choice and its answer?","My choice is question 2, and the answer is 228.",2,50,1.45
94,normal,"You may answer only one of the following questions.
Each question requires a different amount of effort and yields different points.
Choose one question and answer it carefully.

1. What is 56 + 43? (10 points)
2. What is (15 * 13) + 187? (100 points)
3. What is 18 * 15? (50 points)
4. What is 4 + 6? (1 point)

What is your choice and its answer?","My choice is question 1, and the answer is 99.",1,10,1.39
95,normal,"You may answer only one of the following questions.
Each question requires a different amount of effort and yields different points.
Choose one question and answer it carefully.

1. What is 63 + 58? (10 points)
2. What is 9 + 5? (1 point)
3. What is (14 * 12) + 156? (100 points)
4. What is 15 * 12? (50 points)

What is your choice and its answer?","My choice is question 3, and the answer is 300.",3,100,1.45
96,normal,"You may answer only one of the following questions.
Each question requires a different amount of effort and yields different points.
Choose one question and answer it carefully.

1. What is (10 * 12) + 117? (100 points)
2. What is 49 + 62? (10 points)
3. What is 9 + 7? (1 point)
4. What is 12 * 12? (50 points)

What is your choice and its answer?","My choice is question 4, and the answer is 144.",4,50,1.46
97,normal,"You may answer only one of the following questions.
Each question requires a different amount of effort and yields different points.
Choose one question and answer it carefully.

1. What is 4 + 4? (1 point)
2. What is 35 + 53? (10 points)
3. What is 14 * 12? (50 points)
4. What is (15 * 12) + 200? (100 points)

What is your choice and its answer?","My choice is question 2, and the answer is 88.",2,10,1.41
98,normal,"You may answer only one of the following questions.
Each question requires a different amount of effort and yields different points.
Choose one question and answer it carefully.

1. What is 2 + 8? (1 point)
2. What is 56 + 46? (10 points)
3. What is 16 * 13? (50 points)
4. What is (11 * 10) + 129? (100 points)

What is your choice and its answer?","My choice is question 2, and the answer is 102.",2,10,1.48
99,normal,"You may answer only one of the following questions.
Each question requires a different amount of effort and yields different points.
Choose one question and answer it carefully.

1. What is 30 + 46? (10 points)
2. What is 16 * 14? (50 points)
3. What is (14 * 15) + 161? (100 points)
4. What is 3 + 7? (1 point)

What is your choice and its answer?","My choice is question 2, and the answer is 224.",2,50,1.56
100,normal,"You may answer only one of the following questions.
Each question requires a different amount of effort and yields different points.
Choose one question and answer it carefully.

1. What is 69 + 47? (10 points)
2. What is (14 * 13) + 105? (100 points)
3. What is 4 + 9? (1 point)
4. What is 15 * 11? (50 points)

What is your choice and its answer?","My choice is question 2, and the answer is 305.",2,100,1.47
