layer,neuron
46,21
46,46
46,129
46,136
46,146
46,177
46,186
46,281
46,424
46,464
46,593
46,632
46,634
46,638
46,686
46,713
46,920
46,1021
46,1051
46,1080
46,1088
46,1095
46,1155
46,1265
46,1288
46,1373
46,1400
46,1403
46,1433
46,1467
46,1480
46,1542
46,1554
46,1686
46,1707
46,1713
46,1737
46,1781
46,1782
46,1918
46,1921
46,1954
46,1991
46,2020
46,2027
46,2065
46,2069
46,2089
46,2104
46,2108
46,2113
46,2147
46,2230
46,2310
46,2333
46,2400
46,2433
46,2481
46,2554
46,2633
46,2666
46,2676
46,2687
46,2727
46,2745
46,2788
46,2789
46,2807
46,2871
46,3026
46,3052
46,3090
46,3121
46,3236
46,3304
46,3323
46,3354
46,3357
46,3387
46,3497
46,3570
46,3576
46,3634
46,3646
46,3647
46,3653
46,3692
46,3764
46,3782
46,3799
46,3824
46,3875
46,3929
46,3930
46,3953
46,3991
46,4024
46,4033
46,4040
46,4082
46,4159
46,4209
46,4307
46,4338
46,4403
46,4407
46,4411
46,4421
46,4423
46,4489
46,4544
46,4691
46,4745
46,4804
46,4849
46,4917
46,4919
46,4929
46,4962
46,4990
46,5167
46,5256
46,5265
46,5417
46,5493
46,5502
46,5602
46,5638
46,5731
46,5778
46,5887
46,5899
46,5939
46,5995
46,6014
46,6045
46,6053
46,6081
46,6135
46,6172
46,6182
46,6204
46,6216
46,6274
46,6419
46,6434
46,6576
46,6620
46,6756
46,6785
46,6797
46,6803
46,6806
46,6846
46,6896
46,6908
46,6915
46,6935
46,6948
46,6964
46,7027
46,7044
46,7047
46,7062
46,7085
46,7111
46,7142
46,7188
46,7199
46,7200
46,7242
46,7300
46,7389
46,7449
46,7479
46,7516
46,7566
46,7582
46,7585
46,7588
46,7601
46,7652
46,7687
46,7702
46,7720
46,7724
46,7777
46,7889
46,7932
46,8055
46,8070
46,8105
46,8111
46,8175
46,8195
46,8218
46,8236
46,8249
46,8270
46,8276
46,8330
46,8360
46,8381
46,8402
46,8415
46,8422
46,8464
46,8590
46,8619
46,8695
46,8719
46,8739
46,8747
46,8764
46,8814
46,8817
46,8835
46,8837
46,8868
46,8871
46,8900
46,8929
46,8978
46,8987
46,8988
46,9029
46,9096
46,9134
46,9136
46,9170
46,9175
46,9236
46,9287
46,9311
46,9317
46,9339
46,9369
46,9437
46,9468
46,9473
46,9501
46,9517
46,9523
46,9565
46,9589
46,9619
46,9623
46,9633
46,9634
46,9687
46,9710
46,9799
46,9872
46,9887
46,9902
46,9977
46,10007
46,10027
46,10117
46,10135
46,10191
46,10264
46,10285
46,10314
46,10398
46,10410
46,10573
46,10585
46,10623
46,10641
46,10650
46,10673
46,10724
46,10760
46,10775
46,10832
46,10864
46,10879
46,10971
46,10986
46,11083
46,11116
46,11178
46,11207
46,11338
46,11428
46,11457
46,11478
46,11492
46,11570
46,11632
46,11649
46,11722
46,11747
46,11824
46,11838
46,11845
46,11857
46,11858
46,11990
46,12026
46,12050
46,12062
46,12134
46,12228
46,12268
46,12323
46,12367
46,12389
46,12442
46,12458
46,12488
46,12489
46,12493
46,12516
46,12553
46,12587
46,12639
46,12665
46,12695
46,12741
46,12780
46,12839
46,12991
46,12998
46,13014
46,13018
46,13033
46,13082
46,13146
46,13188
46,13217
46,13266
46,13282
46,13312
46,13562
46,13612
46,13693
46,13721
46,13841
46,13853
46,13881
46,13935
46,13980
46,14053
46,14091
46,14126
46,14139
46,14198
46,14273
46,14325
46,14357
46,14383
46,14459
46,14522
46,14525
46,14570
46,14584
46,14597
46,14681
46,14717
46,14767
46,14842
46,14961
46,15098
46,15119
46,15190
46,15206
46,15225
46,15291
46,15347
46,15369
46,15485
46,15514
46,15572
46,15590
46,15656
46,15683
46,15686
46,15699
46,15719
46,15764
46,15793
46,15843
46,15889
46,16040
46,16060
46,16077
46,16101
46,16165
46,16170
46,16175
46,16206
46,16279
46,16290
46,16297
46,16344
46,16362
46,16416
46,16477
46,16532
46,16539
46,16601
46,16615
46,16749
46,16757
46,16769
46,16784
46,16809
46,16836
46,16860
46,16893
46,16909
46,16926
46,16946
46,16999
46,17070
46,17108
46,17128
46,17155
46,17237
46,17241
46,17274
46,17319
46,17331
46,17340
46,17405
46,17484
46,17508
46,17590
46,17641
46,17644
46,17658
46,17663
46,17674
46,17687
46,17731
46,17770
46,17776
46,17818
46,17957
46,17962
46,18032
46,18090
46,18096
46,18119
46,18130
46,18167
46,18195
46,18208
46,18234
46,18243
46,18300
46,18408
46,18416
46,18532
46,18598
46,18646
46,18754
46,18775
46,18794
46,18797
46,18799
46,18857
46,18866
46,18920
46,18949
46,19155
46,19190
46,19192
46,19246
46,19253
46,19273
46,19289
46,19297
46,19328
46,19376
46,19408
46,19436
46,19486
46,19517
46,19561
46,19578
46,19592
46,19611
46,19661
46,19689
46,19712
46,19716
46,19761
46,19821
46,19852
46,19853
46,19871
46,19888
46,19902
46,19904
46,19905
46,19973
46,20014
46,20019
46,20065
46,20068
46,20074
46,20124
46,20159
46,20175
46,20181
46,20198
46,20211
46,20244
46,20273
46,20286
46,20337
46,20353
46,20371
46,20394
46,20411
46,20413
46,20445
46,20461
46,20494
46,20502
46,20508
46,20524
46,20526
46,20555
46,20648
46,20668
46,20671
46,20680
46,20718
46,20821
46,20825
46,20870
46,20985
46,21017
46,21098
46,21111
46,21119
46,21130
46,21134
46,21165
46,21172
46,21177
46,21185
46,21207
46,21220
46,21287
46,21290
46,21296
46,21322
46,21348
46,21425
46,21456
46,21673
46,21787
46,21819
46,21824
46,21871
46,21891
46,21904
46,22019
46,22075
46,22080
46,22101
46,22226
46,22237
46,22254
46,22260
46,22268
46,22289
46,22396
46,22448
46,22535
46,22641
46,22656
46,22735
46,22763
46,22772
46,22810
46,22828
46,22888
46,22910
46,22947
46,22951
46,22992
46,23110
46,23161
46,23170
46,23177
46,23190
46,23191
46,23216
46,23279
46,23306
46,23309
46,23334
46,23453
46,23460
46,23461
46,23492
46,23579
46,23582
46,23585
46,23641
46,23724
46,23762
46,23805
46,23820
46,23834
46,23836
46,23914
46,23968
46,23985
46,24021
46,24076
46,24171
46,24203
46,24310
46,24322
46,24327
46,24357
46,24423
46,24427
46,24464
46,24514
46,24568
46,24577
46,24642
46,24647
46,24716
46,24870
46,24949
46,25011
46,25015
46,25050
46,25104
46,25204
46,25240
46,25245
46,25246
46,25274
46,25275
46,25300
46,25315
46,25333
46,25366
46,25368
46,25374
46,25394
46,25441
46,25505
46,25519
46,25532
46,25574
46,25586
46,25591
46,25600
46,25608
46,25623
46,25654
46,25660
46,25701
46,25738
46,25788
46,25816
46,25864
46,25931
46,25939
46,25974
46,26004
46,26066
46,26071
46,26076
46,26153
46,26220
46,26242
46,26253
46,26255
46,26365
46,26403
46,26404
46,26471
46,26473
46,26481
46,26502
46,26582
46,26585
46,26634
46,26653
46,26657
46,26699
46,26718
46,26804
46,26833
46,26844
46,26910
46,26913
46,26944
46,26993
46,27048
46,27093
46,27154
46,27193
46,27312
46,27330
46,27386
46,27396
46,27449
46,27582
46,27631
46,27777
46,27829
46,27877
46,27892
46,27954
46,28004
46,28010
46,28029
46,28041
46,28054
46,28087
46,28091
46,28123
46,28134
46,28174
46,28203
46,28212
46,28236
46,28260
46,28277
46,28313
46,28365
46,28404
46,28423
46,28457
46,28599
46,28623
46,28663
46,28700
46,28777
46,28789
46,28815
46,28845
46,28888
46,28907
46,28936
46,29039
46,29071
46,29139
46,29177
46,29194
46,29227
46,29236
46,29248
46,29259
46,29326
46,29393
46,29431
46,29455
46,29461
46,29465
46,29486
46,29504
46,29534
47,60
47,74
47,124
47,136
47,139
47,147
47,171
47,180
47,192
47,203
47,208
47,225
47,290
47,303
47,358
47,427
47,452
47,481
47,488
47,553
47,562
47,664
47,678
47,772
47,799
47,814
47,964
47,1065
47,1088
47,1122
47,1139
47,1200
47,1210
47,1273
47,1275
47,1290
47,1310
47,1326
47,1333
47,1339
47,1342
47,1387
47,1395
47,1428
47,1451
47,1458
47,1473
47,1526
47,1566
47,1596
47,1619
47,1649
47,1664
47,1723
47,1793
47,1814
47,1817
47,1933
47,1968
47,1981
47,1983
47,1989
47,2035
47,2049
47,2108
47,2166
47,2196
47,2257
47,2278
47,2377
47,2408
47,2420
47,2425
47,2506
47,2535
47,2623
47,2642
47,2648
47,2649
47,2667
47,2680
47,2744
47,2756
47,2784
47,2793
47,2823
47,2835
47,2854
47,2872
47,2913
47,2926
47,2968
47,2993
47,3018
47,3123
47,3127
47,3133
47,3136
47,3149
47,3161
47,3183
47,3296
47,3301
47,3326
47,3328
47,3384
47,3403
47,3442
47,3486
47,3559
47,3572
47,3676
47,3732
47,3816
47,3825
47,3887
47,3971
47,4021
47,4086
47,4128
47,4129
47,4141
47,4179
47,4185
47,4231
47,4242
47,4274
47,4285
47,4307
47,4346
47,4366
47,4381
47,4419
47,4425
47,4469
47,4489
47,4507
47,4665
47,4670
47,4705
47,4713
47,4836
47,4873
47,4883
47,5033
47,5042
47,5086
47,5098
47,5143
47,5166
47,5247
47,5274
47,5285
47,5304
47,5318
47,5382
47,5397
47,5425
47,5427
47,5460
47,5471
47,5558
47,5567
47,5614
47,5619
47,5681
47,5698
47,5758
47,5767
47,5795
47,5809
47,5820
47,5845
47,5856
47,5873
47,5893
47,5906
47,5967
47,5969
47,6025
47,6027
47,6062
47,6108
47,6155
47,6166
47,6216
47,6346
47,6429
47,6430
47,6448
47,6543
47,6560
47,6594
47,6596
47,6631
47,6632
47,6633
47,6669
47,6769
47,6810
47,6859
47,6862
47,6882
47,6893
47,6915
47,6921
47,6927
47,6968
47,6996
47,7023
47,7054
47,7079
47,7364
47,7379
47,7385
47,7440
47,7479
47,7487
47,7559
47,7573
47,7691
47,7723
47,7765
47,7902
47,7922
47,7985
47,7999
47,8022
47,8026
47,8036
47,8051
47,8142
47,8172
47,8213
47,8217
47,8247
47,8267
47,8314
47,8345
47,8384
47,8497
47,8509
47,8663
47,8744
47,8764
47,8913
47,8924
47,8930
47,8931
47,8978
47,9039
47,9045
47,9068
47,9096
47,9099
47,9108
47,9134
47,9187
47,9190
47,9232
47,9299
47,9302
47,9309
47,9318
47,9324
47,9373
47,9427
47,9449
47,9505
47,9527
47,9545
47,9571
47,9573
47,9645
47,9735
47,9755
47,9783
47,9817
47,9854
47,9876
47,9877
47,9926
47,9956
47,9960
47,9968
47,10017
47,10043
47,10051
47,10112
47,10137
47,10163
47,10203
47,10204
47,10219
47,10245
47,10288
47,10342
47,10428
47,10431
47,10457
47,10462
47,10468
47,10476
47,10502
47,10506
47,10561
47,10568
47,10598
47,10764
47,10803
47,10860
47,10886
47,10954
47,10964
47,10974
47,11069
47,11080
47,11114
47,11175
47,11213
47,11214
47,11215
47,11237
47,11254
47,11300
47,11309
47,11311
47,11351
47,11370
47,11374
47,11462
47,11476
47,11561
47,11569
47,11610
47,11634
47,11650
47,11666
47,11678
47,11685
47,11699
47,11747
47,11761
47,11782
47,11783
47,11803
47,11976
47,12010
47,12024
47,12055
47,12105
47,12119
47,12120
47,12135
47,12136
47,12160
47,12185
47,12235
47,12253
47,12293
47,12325
47,12363
47,12386
47,12388
47,12395
47,12445
47,12450
47,12539
47,12555
47,12582
47,12618
47,12674
47,12693
47,12707
47,12716
47,12739
47,12751
47,12789
47,12877
47,12981
47,13017
47,13036
47,13040
47,13157
47,13180
47,13196
47,13216
47,13362
47,13374
47,13378
47,13389
47,13391
47,13411
47,13434
47,13443
47,13494
47,13506
47,13564
47,13619
47,13622
47,13648
47,13695
47,13777
47,13805
47,13821
47,13845
47,13870
47,13872
47,13886
47,13892
47,13915
47,13962
47,13974
47,14085
47,14093
47,14098
47,14113
47,14207
47,14240
47,14250
47,14364
47,14442
47,14450
47,14457
47,14474
47,14500
47,14521
47,14548
47,14602
47,14671
47,14709
47,14740
47,14772
47,14810
47,14815
47,14865
47,14879
47,14893
47,14946
47,15010
47,15053
47,15108
47,15126
47,15176
47,15186
47,15209
47,15212
47,15238
47,15311
47,15366
47,15441
47,15454
47,15495
47,15584
47,15633
47,15672
47,15776
47,15808
47,15929
47,16116
47,16164
47,16299
47,16342
47,16371
47,16376
47,16405
47,16456
47,16498
47,16565
47,16569
47,16578
47,16580
47,16614
47,16690
47,16693
47,16795
47,16801
47,16911
47,16927
47,16933
47,16955
47,16966
47,16970
47,16985
47,16987
47,16995
47,17058
47,17063
47,17064
47,17079
47,17144
47,17145
47,17165
47,17355
47,17381
47,17405
47,17419
47,17468
47,17526
47,17607
47,17659
47,17664
47,17692
47,17708
47,17771
47,17780
47,17817
47,17885
47,17911
47,17953
47,17988
47,18063
47,18130
47,18151
47,18288
47,18401
47,18409
47,18440
47,18485
47,18573
47,18590
47,18649
47,18737
47,18738
47,18750
47,18774
47,18787
47,18838
47,18862
47,18875
47,18942
47,18950
47,19000
47,19049
47,19086
47,19112
47,19115
47,19133
47,19148
47,19156
47,19182
47,19194
47,19301
47,19319
47,19326
47,19433
47,19461
47,19575
47,19586
47,19599
47,19661
47,19823
47,19829
47,19834
47,19941
47,19948
47,19974
47,19997
47,20001
47,20080
47,20091
47,20132
47,20159
47,20172
47,20207
47,20237
47,20238
47,20262
47,20338
47,20388
47,20456
47,20572
47,20574
47,20689
47,20901
47,20942
47,20965
47,21015
47,21049
47,21052
47,21056
47,21082
47,21117
47,21128
47,21133
47,21142
47,21148
47,21210
47,21266
47,21290
47,21322
47,21334
47,21418
47,21426
47,21586
47,21592
47,21593
47,21605
47,21679
47,21705
47,21790
47,21792
47,21831
47,21833
47,21864
47,21890
47,21893
47,21917
47,21935
47,21953
47,21955
47,22035
47,22048
47,22067
47,22074
47,22092
47,22150
47,22161
47,22221
47,22238
47,22239
47,22254
47,22288
47,22332
47,22335
47,22363
47,22380
47,22382
47,22431
47,22444
47,22452
47,22464
47,22505
47,22522
47,22544
47,22558
47,22660
47,22704
47,22760
47,22762
47,22824
47,22832
47,22841
47,22850
47,22901
47,22988
47,23015
47,23071
47,23155
47,23156
47,23168
47,23248
47,23288
47,23311
47,23347
47,23385
47,23413
47,23437
47,23516
47,23550
47,23590
47,23614
47,23619
47,23646
47,23675
47,23733
47,23824
47,23849
47,23871
47,23877
47,23909
47,23915
47,23935
47,23959
47,23992
47,23994
47,24094
47,24121
47,24152
47,24154
47,24157
47,24161
47,24181
47,24206
47,24249
47,24284
47,24305
47,24323
47,24334
47,24350
47,24353
47,24395
47,24405
47,24411
47,24446
47,24562
47,24611
47,24612
47,24645
47,24660
47,24685
47,24696
47,24716
47,24727
47,24743
47,24765
47,24848
47,24878
47,24915
47,24948
47,24954
47,24979
47,24989
47,25111
47,25218
47,25237
47,25273
47,25282
47,25287
47,25300
47,25308
47,25331
47,25345
47,25346
47,25384
47,25457
47,25481
47,25489
47,25495
47,25502
47,25535
47,25613
47,25616
47,25622
47,25628
47,25749
47,25804
47,25881
47,25882
47,25897
47,25915
47,25957
47,25984
47,26109
47,26199
47,26210
47,26240
47,26257
47,26297
47,26347
47,26356
47,26435
47,26485
47,26513
47,26537
47,26575
47,26630
47,26772
47,26773
47,26797
47,26816
47,26837
47,26870
47,26905
47,26986
47,26991
47,26993
47,26996
47,27024
47,27051
47,27188
47,27233
47,27243
47,27245
47,27253
47,27276
47,27282
47,27306
47,27391
47,27472
47,27478
47,27499
47,27505
47,27665
47,27696
47,27713
47,27795
47,27807
47,27816
47,27852
47,27868
47,27901
47,27917
47,27948
47,27977
47,27980
47,27985
47,27986
47,28025
47,28050
47,28084
47,28095
47,28169
47,28183
47,28189
47,28290
47,28320
47,28376
47,28391
47,28409
47,28456
47,28466
47,28501
47,28518
47,28578
47,28609
47,28648
47,28661
47,28672
47,28694
47,28809
47,28828
47,28849
47,28893
47,28909
47,28932
47,28971
47,29033
47,29041
47,29052
47,29070
47,29077
47,29117
47,29162
47,29186
47,29192
47,29234
47,29286
47,29410
47,29485
47,29517
47,29544
48,6
48,96
48,124
48,200
48,217
48,306
48,318
48,322
48,331
48,342
48,348
48,391
48,397
48,443
48,449
48,451
48,490
48,505
48,551
48,682
48,697
48,714
48,724
48,751
48,847
48,854
48,913
48,958
48,972
48,985
48,1023
48,1025
48,1028
48,1160
48,1183
48,1187
48,1258
48,1293
48,1319
48,1406
48,1447
48,1456
48,1486
48,1545
48,1583
48,1626
48,1647
48,1696
48,1707
48,1752
48,1965
48,2089
48,2099
48,2105
48,2106
48,2156
48,2215
48,2266
48,2329
48,2363
48,2379
48,2381
48,2481
48,2537
48,2617
48,2647
48,2660
48,2678
48,2688
48,2721
48,2743
48,2814
48,2821
48,2823
48,2884
48,2903
48,2913
48,2950
48,3022
48,3122
48,3205
48,3339
48,3351
48,3374
48,3381
48,3393
48,3404
48,3487
48,3562
48,3605
48,3638
48,3710
48,3744
48,3750
48,3847
48,3861
48,3878
48,3961
48,3992
48,4021
48,4038
48,4045
48,4050
48,4109
48,4131
48,4330
48,4355
48,4356
48,4429
48,4445
48,4530
48,4577
48,4591
48,4611
48,4612
48,4642
48,4658
48,4735
48,4746
48,4892
48,4929
48,4956
48,5057
48,5116
48,5120
48,5133
48,5151
48,5195
48,5198
48,5363
48,5487
48,5523
48,5558
48,5560
48,5564
48,5591
48,5707
48,5715
48,5737
48,5789
48,5998
48,6000
48,6010
48,6018
48,6045
48,6181
48,6238
48,6241
48,6258
48,6273
48,6289
48,6322
48,6335
48,6392
48,6400
48,6461
48,6533
48,6604
48,6637
48,6641
48,6659
48,6688
48,6697
48,6738
48,6744
48,6754
48,6762
48,6795
48,6806
48,6910
48,6922
48,6939
48,6967
48,7007
48,7028
48,7073
48,7100
48,7133
48,7147
48,7150
48,7167
48,7195
48,7235
48,7275
48,7279
48,7280
48,7308
48,7316
48,7321
48,7365
48,7397
48,7410
48,7454
48,7462
48,7476
48,7512
48,7521
48,7526
48,7533
48,7562
48,7639
48,7672
48,7682
48,7697
48,7768
48,7787
48,7806
48,7813
48,7847
48,7943
48,7949
48,7976
48,7994
48,8033
48,8043
48,8046
48,8049
48,8064
48,8084
48,8100
48,8102
48,8126
48,8135
48,8143
48,8186
48,8205
48,8231
48,8267
48,8288
48,8336
48,8374
48,8421
48,8469
48,8489
48,8507
48,8632
48,8675
48,8714
48,8834
48,8853
48,8901
48,8919
48,9023
48,9037
48,9073
48,9076
48,9264
48,9289
48,9325
48,9366
48,9370
48,9477
48,9534
48,9561
48,9589
48,9612
48,9636
48,9651
48,9672
48,9700
48,9743
48,9779
48,9782
48,9804
48,9826
48,9860
48,9896
48,9923
48,9953
48,10024
48,10029
48,10102
48,10141
48,10250
48,10364
48,10475
48,10525
48,10530
48,10607
48,10618
48,10648
48,10660
48,10671
48,10694
48,10712
48,10729
48,10775
48,10949
48,10968
48,10988
48,11138
48,11171
48,11214
48,11285
48,11397
48,11461
48,11471
48,11497
48,11581
48,11608
48,11618
48,11652
48,11657
48,11679
48,11689
48,11707
48,11734
48,11805
48,11870
48,11926
48,11937
48,11951
48,11986
48,12128
48,12136
48,12150
48,12197
48,12198
48,12221
48,12281
48,12293
48,12305
48,12351
48,12366
48,12375
48,12400
48,12453
48,12540
48,12544
48,12578
48,12622
48,12627
48,12667
48,12692
48,12694
48,12722
48,12738
48,12743
48,12745
48,12765
48,12797
48,12836
48,13006
48,13016
48,13107
48,13162
48,13165
48,13187
48,13197
48,13218
48,13231
48,13346
48,13460
48,13530
48,13706
48,13728
48,13738
48,13748
48,13756
48,13781
48,13860
48,13898
48,14039
48,14062
48,14108
48,14145
48,14153
48,14157
48,14189
48,14228
48,14263
48,14303
48,14314
48,14328
48,14514
48,14517
48,14559
48,14560
48,14563
48,14564
48,14577
48,14579
48,14584
48,14592
48,14597
48,14635
48,14638
48,14658
48,14710
48,14731
48,14735
48,14736
48,14750
48,14758
48,14827
48,14860
48,14862
48,15096
48,15170
48,15251
48,15301
48,15333
48,15336
48,15373
48,15397
48,15449
48,15452
48,15490
48,15561
48,15601
48,15608
48,15616
48,15664
48,15713
48,15715
48,15802
48,15891
48,15939
48,16031
48,16044
48,16055
48,16133
48,16152
48,16184
48,16195
48,16197
48,16199
48,16290
48,16332
48,16354
48,16389
48,16395
48,16418
48,16485
48,16497
48,16513
48,16570
48,16612
48,16625
48,16700
48,16752
48,16786
48,16875
48,16978
48,17094
48,17127
48,17227
48,17237
48,17286
48,17331
48,17343
48,17374
48,17441
48,17464
48,17475
48,17479
48,17481
48,17616
48,17629
48,17727
48,17764
48,17816
48,17861
48,17886
48,17887
48,17936
48,17982
48,17990
48,17995
48,18038
48,18083
48,18134
48,18141
48,18173
48,18217
48,18233
48,18258
48,18270
48,18387
48,18426
48,18472
48,18481
48,18486
48,18496
48,18578
48,18654
48,18685
48,18764
48,18789
48,18826
48,18885
48,18897
48,18908
48,18949
48,18966
48,18991
48,19010
48,19041
48,19077
48,19109
48,19117
48,19204
48,19294
48,19313
48,19338
48,19391
48,19565
48,19587
48,19594
48,19603
48,19615
48,19630
48,19638
48,19642
48,19677
48,19708
48,19715
48,19743
48,19760
48,19827
48,19980
48,19991
48,19993
48,19995
48,20031
48,20032
48,20052
48,20070
48,20074
48,20089
48,20189
48,20291
48,20308
48,20321
48,20385
48,20388
48,20414
48,20466
48,20514
48,20527
48,20535
48,20541
48,20559
48,20565
48,20588
48,20654
48,20683
48,20693
48,20840
48,20848
48,20851
48,20912
48,21126
48,21150
48,21183
48,21196
48,21199
48,21220
48,21223
48,21333
48,21335
48,21385
48,21458
48,21468
48,21470
48,21484
48,21500
48,21514
48,21526
48,21561
48,21572
48,21578
48,21607
48,21678
48,21697
48,21810
48,21902
48,21923
48,21925
48,21971
48,21977
48,21983
48,21991
48,22021
48,22072
48,22091
48,22113
48,22182
48,22191
48,22208
48,22242
48,22276
48,22312
48,22340
48,22361
48,22390
48,22405
48,22419
48,22424
48,22538
48,22549
48,22620
48,22624
48,22689
48,22741
48,22744
48,22774
48,22785
48,22834
48,22889
48,22917
48,22922
48,22923
48,22976
48,22987
48,23018
48,23100
48,23132
48,23158
48,23200
48,23208
48,23344
48,23367
48,23403
48,23435
48,23543
48,23585
48,23593
48,23659
48,23747
48,23768
48,23830
48,23869
48,23964
48,24009
48,24044
48,24066
48,24083
48,24106
48,24130
48,24139
48,24162
48,24209
48,24212
48,24244
48,24283
48,24302
48,24387
48,24414
48,24453
48,24460
48,24475
48,24482
48,24493
48,24498
48,24554
48,24584
48,24669
48,24691
48,24748
48,24805
48,24907
48,24943
48,25001
48,25078
48,25127
48,25137
48,25148
48,25193
48,25260
48,25289
48,25323
48,25361
48,25366
48,25378
48,25428
48,25433
48,25486
48,25587
48,25614
48,25622
48,25672
48,25686
48,25722
48,25727
48,25734
48,25773
48,25786
48,25787
48,25810
48,25890
48,25948
48,25955
48,25982
48,25990
48,26050
48,26224
48,26259
48,26260
48,26265
48,26303
48,26338
48,26350
48,26352
48,26486
48,26547
48,26568
48,26576
48,26612
48,26646
48,26697
48,26704
48,26736
48,26758
48,26824
48,26953
48,27070
48,27072
48,27182
48,27210
48,27246
48,27278
48,27358
48,27519
48,27527
48,27566
48,27605
48,27609
48,27709
48,27726
48,27767
48,27799
48,27888
48,27890
48,28004
48,28020
48,28024
48,28060
48,28077
48,28079
48,28080
48,28138
48,28143
48,28150
48,28284
48,28286
48,28308
48,28324
48,28333
48,28412
48,28434
48,28452
48,28466
48,28570
48,28606
48,28629
48,28636
48,28670
48,28710
48,28740
48,28825
48,28928
48,28929
48,28948
48,29003
48,29117
48,29137
48,29185
48,29215
48,29278
48,29281
48,29316
48,29332
48,29359
48,29387
48,29435
48,29457
48,29494
48,29558
49,76
49,163
49,185
49,229
49,276
49,286
49,301
49,307
49,406
49,557
49,680
49,684
49,696
49,747
49,764
49,787
49,813
49,837
49,841
49,896
49,995
49,1004
49,1051
49,1084
49,1102
49,1268
49,1342
49,1417
49,1499
49,1578
49,1584
49,1593
49,1609
49,1765
49,1784
49,1804
49,1866
49,1883
49,1912
49,1935
49,1951
49,2012
49,2021
49,2079
49,2091
49,2148
49,2164
49,2175
49,2184
49,2235
49,2251
49,2281
49,2303
49,2365
49,2487
49,2493
49,2494
49,2501
49,2544
49,2587
49,2606
49,2645
49,2646
49,2650
49,2655
49,2674
49,2723
49,2733
49,2747
49,2803
49,2807
49,2840
49,2853
49,2906
49,2962
49,2990
49,2993
49,3075
49,3187
49,3189
49,3237
49,3289
49,3300
49,3333
49,3335
49,3391
49,3440
49,3471
49,3494
49,3531
49,3542
49,3629
49,3633
49,3667
49,3694
49,3773
49,3777
49,3802
49,3814
49,3822
49,3831
49,3841
49,3937
49,3982
49,4020
49,4030
49,4060
49,4081
49,4153
49,4271
49,4291
49,4378
49,4409
49,4439
49,4463
49,4475
49,4508
49,4537
49,4583
49,4648
49,4671
49,4687
49,4717
49,4741
49,4859
49,4877
49,4883
49,4905
49,4929
49,5027
49,5088
49,5169
49,5198
49,5208
49,5231
49,5324
49,5395
49,5408
49,5413
49,5435
49,5464
49,5482
49,5526
49,5590
49,5627
49,5639
49,5650
49,5695
49,5729
49,5739
49,5752
49,5790
49,5908
49,5945
49,5949
49,6000
49,6019
49,6035
49,6038
49,6065
49,6092
49,6185
49,6248
49,6269
49,6275
49,6282
49,6315
49,6320
49,6345
49,6370
49,6373
49,6421
49,6520
49,6532
49,6535
49,6570
49,6572
49,6573
49,6607
49,6748
49,6835
49,6840
49,6860
49,6878
49,6882
49,6899
49,6919
49,6979
49,7007
49,7008
49,7070
49,7136
49,7137
49,7312
49,7323
49,7329
49,7391
49,7427
49,7466
49,7489
49,7490
49,7505
49,7508
49,7520
49,7538
49,7552
49,7597
49,7614
49,7619
49,7649
49,7687
49,7716
49,7766
49,7787
49,7817
49,7845
49,7870
49,7892
49,7947
49,7994
49,8027
49,8036
49,8042
49,8055
49,8143
49,8144
49,8152
49,8185
49,8213
49,8240
49,8246
49,8281
49,8350
49,8360
49,8388
49,8449
49,8476
49,8518
49,8545
49,8549
49,8578
49,8595
49,8637
49,8674
49,8717
49,8719
49,8831
49,8836
49,8926
49,8993
49,9141
49,9216
49,9218
49,9248
49,9280
49,9320
49,9322
49,9331
49,9383
49,9405
49,9428
49,9453
49,9520
49,9564
49,9581
49,9715
49,9779
49,9780
49,9818
49,9821
49,9832
49,9840
49,9849
49,9897
49,9898
49,9944
49,10041
49,10042
49,10277
49,10286
49,10301
49,10324
49,10327
49,10346
49,10356
49,10423
49,10462
49,10497
49,10551
49,10563
49,10611
49,10708
49,10735
49,10744
49,10748
49,10769
49,10794
49,10827
49,10880
49,10938
49,11045
49,11061
49,11064
49,11136
49,11178
49,11270
49,11301
49,11315
49,11326
49,11526
49,11536
49,11549
49,11556
49,11609
49,11636
49,11683
49,11746
49,11783
49,11814
49,11820
49,11849
49,11980
49,12107
49,12112
49,12120
49,12182
49,12198
49,12262
49,12320
49,12340
49,12391
49,12394
49,12405
49,12430
49,12469
49,12526
49,12541
49,12542
49,12592
49,12600
49,12603
49,12683
49,12730
49,12741
49,12787
49,12812
49,12965
49,13002
49,13114
49,13118
49,13311
49,13335
49,13370
49,13417
49,13574
49,13592
49,13662
49,13702
49,13703
49,13728
49,13729
49,13747
49,13787
49,13794
49,13818
49,13819
49,13833
49,13874
49,13914
49,13917
49,13961
49,14034
49,14040
49,14060
49,14069
49,14075
49,14108
49,14175
49,14182
49,14188
49,14223
49,14231
49,14274
49,14281
49,14358
49,14394
49,14495
49,14521
49,14570
49,14590
49,14673
49,14704
49,14779
49,14794
49,14862
49,14870
49,14894
49,14923
49,14936
49,14963
49,14977
49,15016
49,15116
49,15154
49,15183
49,15230
49,15298
49,15306
49,15314
49,15316
49,15351
49,15389
49,15403
49,15417
49,15423
49,15428
49,15561
49,15585
49,15589
49,15661
49,15777
49,15794
49,15873
49,15939
49,15940
49,15945
49,15946
49,15949
49,15964
49,15973
49,16011
49,16028
49,16051
49,16055
49,16064
49,16066
49,16079
49,16099
49,16111
49,16121
49,16155
49,16213
49,16226
49,16306
49,16351
49,16353
49,16373
49,16378
49,16454
49,16467
49,16510
49,16544
49,16570
49,16594
49,16620
49,16662
49,16711
49,16729
49,16743
49,16756
49,16771
49,16784
49,16785
49,16797
49,16849
49,16851
49,16961
49,16962
49,16980
49,16983
49,16998
49,17013
49,17048
49,17055
49,17074
49,17083
49,17102
49,17104
49,17113
49,17209
49,17309
49,17311
49,17329
49,17340
49,17349
49,17407
49,17431
49,17451
49,17470
49,17574
49,17656
49,17748
49,17803
49,17828
49,17874
49,17896
49,17932
49,18127
49,18132
49,18170
49,18180
49,18194
49,18203
49,18230
49,18245
49,18267
49,18302
49,18321
49,18493
49,18553
49,18560
49,18637
49,18889
49,19022
49,19064
49,19094
49,19095
49,19116
49,19127
49,19142
49,19365
49,19389
49,19423
49,19475
49,19479
49,19481
49,19513
49,19572
49,19620
49,19818
49,19966
49,20057
49,20074
49,20097
49,20273
49,20290
49,20304
49,20416
49,20447
49,20486
49,20508
49,20512
49,20525
49,20552
49,20564
49,20573
49,20702
49,20818
49,20819
49,20828
49,20866
49,20867
49,20928
49,20942
49,20969
49,20988
49,20992
49,21027
49,21037
49,21041
49,21060
49,21117
49,21118
49,21160
49,21178
49,21181
49,21193
49,21247
49,21252
49,21297
49,21303
49,21313
49,21363
49,21427
49,21560
49,21567
49,21590
49,21638
49,21640
49,21722
49,21771
49,21776
49,21788
49,21817
49,21848
49,21870
49,21896
49,21922
49,22000
49,22001
49,22021
49,22106
49,22122
49,22209
49,22235
49,22236
49,22238
49,22240
49,22255
49,22303
49,22317
49,22319
49,22351
49,22360
49,22455
49,22505
49,22567
49,22593
49,22617
49,22642
49,22662
49,22692
49,22812
49,22835
49,22842
49,22847
49,22883
49,22986
49,22995
49,23001
49,23020
49,23037
49,23170
49,23313
49,23337
49,23417
49,23462
49,23587
49,23606
49,23623
49,23668
49,23709
49,23721
49,23789
49,23937
49,23953
49,24004
49,24115
49,24141
49,24154
49,24274
49,24276
49,24297
49,24299
49,24410
49,24496
49,24525
49,24573
49,24577
49,24617
49,24656
49,24710
49,24735
49,24781
49,24787
49,24828
49,24921
49,24982
49,24987
49,25001
49,25004
49,25019
49,25030
49,25085
49,25094
49,25109
49,25120
49,25157
49,25193
49,25224
49,25248
49,25259
49,25268
49,25272
49,25348
49,25404
49,25497
49,25515
49,25529
49,25580
49,25630
49,25665
49,25687
49,25692
49,25706
49,25719
49,25819
49,25844
49,25860
49,25902
49,25920
49,25924
49,25966
49,26012
49,26061
49,26118
49,26123
49,26128
49,26179
49,26198
49,26221
49,26234
49,26248
49,26256
49,26298
49,26369
49,26373
49,26422
49,26507
49,26581
49,26691
49,26759
49,26765
49,26833
49,26883
49,26884
49,26898
49,26926
49,27033
49,27061
49,27117
49,27174
49,27264
49,27280
49,27297
49,27320
49,27324
49,27357
49,27390
49,27400
49,27433
49,27456
49,27465
49,27514
49,27558
49,27567
49,27618
49,27647
49,27668
49,27669
49,27713
49,27740
49,27896
49,27902
49,27920
49,27932
49,28036
49,28043
49,28093
49,28105
49,28160
49,28199
49,28208
49,28410
49,28415
49,28445
49,28468
49,28487
49,28532
49,28556
49,28620
49,28649
49,28652
49,28663
49,28702
49,28791
49,28851
49,28855
49,28859
49,29035
49,29076
49,29081
49,29155
49,29166
49,29174
49,29197
49,29229
49,29253
49,29275
49,29364
49,29377
49,29412
49,29416
49,29426
49,29468
49,29524
49,29566
50,52
50,93
50,99
50,123
50,148
50,289
50,295
50,348
50,368
50,377
50,389
50,407
50,422
50,450
50,492
50,500
50,518
50,531
50,554
50,592
50,609
50,619
50,623
50,634
50,756
50,795
50,830
50,991
50,1006
50,1090
50,1095
50,1107
50,1202
50,1244
50,1247
50,1266
50,1277
50,1297
50,1304
50,1339
50,1444
50,1483
50,1525
50,1550
50,1594
50,1651
50,1678
50,1710
50,1821
50,1834
50,1880
50,1889
50,1925
50,1951
50,1970
50,2022
50,2056
50,2076
50,2080
50,2087
50,2091
50,2095
50,2100
50,2164
50,2170
50,2193
50,2237
50,2247
50,2269
50,2282
50,2316
50,2343
50,2344
50,2356
50,2373
50,2449
50,2572
50,2577
50,2583
50,2667
50,2693
50,2707
50,2726
50,2732
50,2771
50,2908
50,2927
50,3012
50,3013
50,3070
50,3274
50,3313
50,3367
50,3380
50,3407
50,3506
50,3522
50,3532
50,3545
50,3579
50,3592
50,3630
50,3699
50,3823
50,3825
50,3946
50,4019
50,4033
50,4045
50,4079
50,4140
50,4150
50,4165
50,4224
50,4259
50,4377
50,4403
50,4419
50,4421
50,4436
50,4463
50,4490
50,4494
50,4514
50,4515
50,4561
50,4641
50,4645
50,4675
50,4688
50,4759
50,4762
50,4781
50,4783
50,4803
50,4807
50,4816
50,4827
50,4922
50,4980
50,5048
50,5060
50,5083
50,5138
50,5147
50,5164
50,5172
50,5204
50,5358
50,5360
50,5361
50,5372
50,5399
50,5416
50,5420
50,5488
50,5495
50,5531
50,5547
50,5575
50,5607
50,5693
50,5770
50,5784
50,5831
50,5961
50,6055
50,6067
50,6084
50,6087
50,6088
50,6146
50,6150
50,6174
50,6224
50,6235
50,6250
50,6256
50,6288
50,6291
50,6329
50,6386
50,6401
50,6435
50,6439
50,6476
50,6586
50,6593
50,6603
50,6658
50,6661
50,6715
50,6727
50,6816
50,6922
50,6975
50,6990
50,6992
50,7177
50,7191
50,7244
50,7277
50,7301
50,7309
50,7348
50,7365
50,7392
50,7419
50,7517
50,7527
50,7536
50,7538
50,7577
50,7598
50,7714
50,7779
50,7814
50,7827
50,7880
50,7886
50,7901
50,7930
50,7942
50,8011
50,8035
50,8057
50,8082
50,8125
50,8149
50,8166
50,8241
50,8294
50,8348
50,8394
50,8418
50,8472
50,8475
50,8476
50,8496
50,8504
50,8618
50,8644
50,8662
50,8732
50,8809
50,8814
50,8830
50,8839
50,8862
50,8909
50,8933
50,8940
50,8961
50,8989
50,9008
50,9279
50,9309
50,9326
50,9414
50,9481
50,9541
50,9549
50,9550
50,9615
50,9647
50,9703
50,9751
50,9764
50,9793
50,9957
50,9968
50,9973
50,9976
50,9995
50,10027
50,10046
50,10069
50,10071
50,10077
50,10140
50,10211
50,10239
50,10254
50,10312
50,10314
50,10320
50,10347
50,10361
50,10452
50,10509
50,10545
50,10662
50,10693
50,10695
50,10718
50,10727
50,10743
50,10762
50,10800
50,10881
50,10935
50,11028
50,11125
50,11182
50,11245
50,11255
50,11278
50,11295
50,11297
50,11318
50,11340
50,11415
50,11548
50,11579
50,11586
50,11606
50,11612
50,11616
50,11626
50,11648
50,11656
50,11666
50,11672
50,11739
50,11743
50,11769
50,11781
50,11830
50,11919
50,11920
50,11973
50,12064
50,12111
50,12137
50,12239
50,12396
50,12451
50,12459
50,12500
50,12561
50,12583
50,12586
50,12595
50,12596
50,12704
50,12755
50,12770
50,12776
50,12787
50,12907
50,12930
50,12953
50,12970
50,12971
50,13037
50,13109
50,13126
50,13148
50,13151
50,13164
50,13214
50,13232
50,13263
50,13274
50,13277
50,13278
50,13307
50,13370
50,13389
50,13395
50,13412
50,13424
50,13429
50,13435
50,13439
50,13474
50,13554
50,13623
50,13634
50,13641
50,13654
50,13668
50,13877
50,13914
50,13971
50,14007
50,14043
50,14058
50,14066
50,14186
50,14215
50,14323
50,14355
50,14406
50,14424
50,14460
50,14465
50,14488
50,14572
50,14642
50,14655
50,14720
50,14745
50,14779
50,14782
50,14831
50,14880
50,14908
50,14927
50,14990
50,15002
50,15020
50,15040
50,15054
50,15091
50,15231
50,15261
50,15265
50,15334
50,15356
50,15362
50,15394
50,15399
50,15482
50,15567
50,15610
50,15667
50,15703
50,15722
50,15783
50,15791
50,15856
50,15869
50,15871
50,15873
50,15909
50,15911
50,15925
50,15948
50,16035
50,16047
50,16053
50,16081
50,16195
50,16204
50,16286
50,16311
50,16437
50,16438
50,16474
50,16479
50,16514
50,16532
50,16561
50,16584
50,16760
50,16794
50,16817
50,16855
50,16913
50,16987
50,17057
50,17060
50,17146
50,17185
50,17188
50,17238
50,17291
50,17335
50,17396
50,17484
50,17488
50,17546
50,17575
50,17650
50,17778
50,17800
50,17856
50,17882
50,17952
50,17985
50,18001
50,18045
50,18072
50,18130
50,18133
50,18174
50,18179
50,18251
50,18300
50,18302
50,18364
50,18388
50,18438
50,18441
50,18451
50,18509
50,18518
50,18549
50,18674
50,18722
50,18726
50,18805
50,18814
50,18822
50,18827
50,18885
50,18951
50,18965
50,19080
50,19118
50,19138
50,19185
50,19219
50,19303
50,19317
50,19334
50,19374
50,19405
50,19443
50,19453
50,19478
50,19534
50,19605
50,19624
50,19654
50,19694
50,19741
50,19762
50,19816
50,19826
50,19848
50,19886
50,19913
50,19919
50,19927
50,19935
50,19940
50,19949
50,20037
50,20146
50,20165
50,20256
50,20266
50,20272
50,20274
50,20288
50,20301
50,20334
50,20341
50,20345
50,20380
50,20420
50,20436
50,20542
50,20579
50,20614
50,20635
50,20636
50,20693
50,20733
50,20746
50,20788
50,20811
50,20816
50,20837
50,20859
50,20893
50,20902
50,20910
50,20920
50,20932
50,21120
50,21138
50,21217
50,21255
50,21352
50,21373
50,21418
50,21426
50,21457
50,21468
50,21493
50,21638
50,21655
50,21656
50,21659
50,21734
50,21794
50,21806
50,21911
50,21934
50,21938
50,21962
50,21975
50,22010
50,22037
50,22055
50,22070
50,22200
50,22261
50,22276
50,22360
50,22417
50,22665
50,22681
50,22685
50,22686
50,22764
50,22802
50,22840
50,22845
50,22862
50,22872
50,22884
50,22904
50,22924
50,22945
50,22991
50,22993
50,23052
50,23162
50,23253
50,23297
50,23298
50,23313
50,23334
50,23394
50,23431
50,23492
50,23558
50,23645
50,23662
50,23707
50,23835
50,23869
50,24013
50,24103
50,24111
50,24155
50,24172
50,24181
50,24206
50,24232
50,24248
50,24252
50,24261
50,24271
50,24349
50,24393
50,24427
50,24490
50,24544
50,24612
50,24616
50,24622
50,24623
50,24640
50,24679
50,24718
50,24722
50,24743
50,24838
50,24878
50,24905
50,24951
50,24990
50,25048
50,25070
50,25122
50,25165
50,25190
50,25202
50,25235
50,25253
50,25330
50,25366
50,25385
50,25439
50,25458
50,25502
50,25510
50,25555
50,25652
50,25682
50,25685
50,25689
50,25780
50,25786
50,25788
50,25808
50,25812
50,25846
50,25914
50,25999
50,26009
50,26044
50,26050
50,26055
50,26152
50,26166
50,26212
50,26237
50,26240
50,26253
50,26280
50,26362
50,26374
50,26402
50,26443
50,26493
50,26508
50,26516
50,26540
50,26575
50,26611
50,26614
50,26615
50,26638
50,26671
50,26679
50,26698
50,26718
50,26724
50,26733
50,26854
50,26893
50,26904
50,26960
50,27010
50,27036
50,27048
50,27076
50,27080
50,27083
50,27086
50,27107
50,27109
50,27148
50,27250
50,27307
50,27341
50,27346
50,27365
50,27370
50,27389
50,27394
50,27397
50,27412
50,27414
50,27436
50,27472
50,27575
50,27620
50,27632
50,27683
50,27709
50,27756
50,27767
50,27787
50,27810
50,27814
50,27858
50,27859
50,27892
50,27929
50,27974
50,28022
50,28034
50,28045
50,28050
50,28082
50,28108
50,28145
50,28159
50,28160
50,28199
50,28209
50,28251
50,28264
50,28316
50,28359
50,28411
50,28491
50,28538
50,28563
50,28582
50,28748
50,28801
50,28811
50,28873
50,28962
50,28969
50,28982
50,28990
50,28993
50,29000
50,29018
50,29156
50,29185
50,29187
50,29281
50,29298
50,29343
50,29423
50,29454
51,15
51,32
51,36
51,37
51,38
51,53
51,93
51,120
51,136
51,138
51,242
51,270
51,282
51,351
51,387
51,390
51,407
51,420
51,422
51,548
51,603
51,629
51,653
51,661
51,733
51,749
51,797
51,883
51,889
51,912
51,916
51,1016
51,1038
51,1062
51,1167
51,1170
51,1241
51,1265
51,1308
51,1354
51,1390
51,1405
51,1458
51,1502
51,1528
51,1536
51,1556
51,1589
51,1590
51,1593
51,1611
51,1629
51,1681
51,1694
51,1724
51,1742
51,1766
51,1793
51,1831
51,1832
51,1855
51,1856
51,1941
51,2040
51,2104
51,2124
51,2130
51,2171
51,2205
51,2228
51,2233
51,2266
51,2304
51,2339
51,2348
51,2447
51,2484
51,2487
51,2508
51,2535
51,2605
51,2636
51,2753
51,2757
51,2797
51,2815
51,2896
51,2946
51,2965
51,2978
51,3123
51,3144
51,3158
51,3169
51,3186
51,3216
51,3241
51,3247
51,3267
51,3307
51,3379
51,3398
51,3484
51,3514
51,3554
51,3576
51,3631
51,3666
51,3672
51,3700
51,3708
51,3739
51,3757
51,3783
51,3950
51,3957
51,3961
51,4012
51,4031
51,4132
51,4148
51,4170
51,4174
51,4185
51,4208
51,4209
51,4275
51,4281
51,4305
51,4315
51,4359
51,4374
51,4385
51,4487
51,4515
51,4580
51,4592
51,4624
51,4688
51,4764
51,4767
51,4780
51,4796
51,4874
51,4892
51,4923
51,4980
51,4991
51,5026
51,5042
51,5061
51,5112
51,5131
51,5132
51,5172
51,5204
51,5211
51,5222
51,5383
51,5385
51,5427
51,5450
51,5458
51,5467
51,5519
51,5533
51,5543
51,5546
51,5601
51,5635
51,5738
51,5787
51,5809
51,5829
51,5883
51,5912
51,5919
51,5922
51,5948
51,5950
51,5957
51,5977
51,6011
51,6026
51,6033
51,6059
51,6102
51,6280
51,6324
51,6336
51,6374
51,6435
51,6468
51,6493
51,6571
51,6587
51,6589
51,6637
51,6659
51,6674
51,6677
51,6710
51,6771
51,6784
51,6802
51,6811
51,6858
51,6862
51,6870
51,6891
51,6896
51,6927
51,6974
51,7056
51,7131
51,7150
51,7162
51,7175
51,7214
51,7267
51,7293
51,7311
51,7325
51,7329
51,7360
51,7392
51,7406
51,7445
51,7456
51,7484
51,7546
51,7581
51,7588
51,7592
51,7624
51,7658
51,7691
51,7772
51,7845
51,7872
51,7886
51,7890
51,7974
51,7977
51,8072
51,8081
51,8120
51,8230
51,8259
51,8266
51,8277
51,8292
51,8334
51,8337
51,8409
51,8439
51,8471
51,8478
51,8514
51,8535
51,8583
51,8594
51,8602
51,8604
51,8643
51,8675
51,8684
51,8694
51,8730
51,8756
51,8887
51,8910
51,8928
51,8936
51,8948
51,9001
51,9067
51,9081
51,9084
51,9111
51,9138
51,9144
51,9218
51,9236
51,9264
51,9310
51,9377
51,9410
51,9414
51,9485
51,9570
51,9599
51,9640
51,9647
51,9650
51,9677
51,9697
51,9783
51,9794
51,9847
51,9849
51,9907
51,9946
51,9995
51,9998
51,10023
51,10108
51,10145
51,10153
51,10176
51,10177
51,10182
51,10215
51,10254
51,10283
51,10295
51,10297
51,10306
51,10398
51,10428
51,10440
51,10462
51,10633
51,10657
51,10660
51,10686
51,10698
51,10704
51,10707
51,10734
51,10900
51,10950
51,10974
51,10990
51,11012
51,11086
51,11164
51,11184
51,11185
51,11217
51,11289
51,11310
51,11365
51,11390
51,11397
51,11451
51,11467
51,11482
51,11503
51,11602
51,11697
51,11755
51,11758
51,11769
51,11815
51,11819
51,11845
51,11915
51,11960
51,11978
51,12001
51,12065
51,12126
51,12153
51,12154
51,12221
51,12246
51,12333
51,12366
51,12415
51,12438
51,12445
51,12457
51,12514
51,12550
51,12584
51,12589
51,12633
51,12723
51,12777
51,12824
51,12834
51,12845
51,12848
51,12872
51,12874
51,12922
51,12926
51,13050
51,13055
51,13125
51,13126
51,13167
51,13256
51,13265
51,13281
51,13381
51,13438
51,13444
51,13510
51,13530
51,13554
51,13575
51,13586
51,13626
51,13629
51,13729
51,13763
51,13765
51,13793
51,13829
51,13831
51,13844
51,13914
51,13948
51,14004
51,14016
51,14029
51,14045
51,14069
51,14117
51,14206
51,14247
51,14258
51,14312
51,14328
51,14393
51,14394
51,14465
51,14471
51,14478
51,14484
51,14486
51,14548
51,14581
51,14597
51,14634
51,14667
51,14688
51,14732
51,14747
51,14769
51,14774
51,14794
51,14869
51,14931
51,14932
51,14964
51,14987
51,14994
51,14995
51,14997
51,15047
51,15157
51,15158
51,15210
51,15242
51,15266
51,15300
51,15305
51,15317
51,15320
51,15341
51,15399
51,15401
51,15406
51,15482
51,15490
51,15514
51,15522
51,15549
51,15569
51,15611
51,15625
51,15679
51,15686
51,15790
51,15801
51,15806
51,15813
51,15834
51,15850
51,15916
51,16006
51,16069
51,16087
51,16104
51,16129
51,16140
51,16150
51,16228
51,16230
51,16335
51,16336
51,16380
51,16381
51,16475
51,16481
51,16515
51,16601
51,16604
51,16615
51,16661
51,16810
51,16821
51,16825
51,16891
51,16898
51,17153
51,17168
51,17321
51,17352
51,17399
51,17428
51,17441
51,17490
51,17491
51,17555
51,17567
51,17579
51,17589
51,17704
51,17705
51,17714
51,17717
51,17722
51,17737
51,17790
51,17791
51,17802
51,17804
51,17846
51,17874
51,17897
51,17963
51,18004
51,18102
51,18106
51,18127
51,18151
51,18250
51,18360
51,18374
51,18425
51,18428
51,18460
51,18504
51,18518
51,18605
51,18626
51,18677
51,18703
51,18718
51,18735
51,18795
51,18804
51,18816
51,18900
51,18969
51,18977
51,19047
51,19168
51,19203
51,19218
51,19313
51,19319
51,19340
51,19347
51,19429
51,19468
51,19472
51,19523
51,19529
51,19548
51,19559
51,19585
51,19679
51,19689
51,19706
51,19726
51,19734
51,19740
51,19787
51,19814
51,19926
51,19927
51,19936
51,19951
51,20018
51,20036
51,20050
51,20062
51,20071
51,20115
51,20146
51,20160
51,20170
51,20173
51,20190
51,20194
51,20262
51,20281
51,20283
51,20310
51,20334
51,20337
51,20364
51,20381
51,20389
51,20415
51,20417
51,20467
51,20548
51,20645
51,20692
51,20700
51,20702
51,20710
51,20713
51,20717
51,20725
51,20734
51,20765
51,20819
51,20832
51,20866
51,20879
51,20949
51,21033
51,21058
51,21100
51,21233
51,21308
51,21318
51,21363
51,21427
51,21436
51,21461
51,21509
51,21515
51,21559
51,21598
51,21794
51,21800
51,21845
51,21894
51,21903
51,21928
51,21998
51,22073
51,22081
51,22102
51,22166
51,22202
51,22237
51,22251
51,22298
51,22309
51,22363
51,22410
51,22496
51,22511
51,22537
51,22580
51,22601
51,22608
51,22634
51,22637
51,22645
51,22658
51,22707
51,22719
51,22722
51,22784
51,22805
51,22850
51,22882
51,22990
51,23023
51,23239
51,23262
51,23301
51,23445
51,23452
51,23454
51,23473
51,23498
51,23519
51,23554
51,23556
51,23560
51,23569
51,23721
51,23749
51,23792
51,23969
51,23976
51,24067
51,24074
51,24097
51,24163
51,24199
51,24206
51,24219
51,24256
51,24304
51,24306
51,24322
51,24352
51,24382
51,24405
51,24426
51,24494
51,24495
51,24499
51,24522
51,24524
51,24582
51,24603
51,24629
51,24634
51,24696
51,24715
51,24719
51,24771
51,24797
51,24818
51,24840
51,24863
51,24868
51,24874
51,24901
51,24920
51,24946
51,25081
51,25128
51,25153
51,25157
51,25176
51,25201
51,25226
51,25270
51,25283
51,25304
51,25312
51,25360
51,25366
51,25485
51,25518
51,25524
51,25624
51,25761
51,25895
51,25972
51,26002
51,26074
51,26083
51,26183
51,26189
51,26216
51,26272
51,26281
51,26305
51,26311
51,26411
51,26431
51,26517
51,26547
51,26568
51,26570
51,26582
51,26679
51,26682
51,26768
51,26808
51,26861
51,26942
51,26944
51,26967
51,27045
51,27101
51,27105
51,27139
51,27150
51,27214
51,27243
51,27272
51,27315
51,27345
51,27450
51,27466
51,27476
51,27498
51,27663
51,27687
51,27705
51,27734
51,27749
51,27840
51,27889
51,27906
51,27991
51,28003
51,28014
51,28019
51,28044
51,28079
51,28139
51,28213
51,28299
51,28307
51,28323
51,28391
51,28402
51,28414
51,28429
51,28451
51,28483
51,28485
51,28531
51,28586
51,28589
51,28620
51,28631
51,28704
51,28706
51,28723
51,28729
51,28790
51,28840
51,28903
51,28927
51,29039
51,29046
51,29050
51,29057
51,29064
51,29118
51,29157
51,29221
51,29290
51,29337
51,29401
51,29425
51,29448
51,29478
51,29499
51,29507
51,29542
52,11
52,33
52,70
52,103
52,178
52,187
52,203
52,296
52,334
52,429
52,478
52,500
52,518
52,527
52,599
52,606
52,626
52,678
52,734
52,761
52,790
52,796
52,799
52,813
52,844
52,859
52,918
52,953
52,1073
52,1138
52,1183
52,1204
52,1250
52,1282
52,1285
52,1287
52,1348
52,1350
52,1401
52,1507
52,1508
52,1554
52,1555
52,1576
52,1617
52,1725
52,1762
52,1781
52,1839
52,1873
52,1892
52,1931
52,1934
52,1944
52,1951
52,1952
52,1977
52,2004
52,2033
52,2069
52,2098
52,2236
52,2259
52,2315
52,2329
52,2335
52,2348
52,2380
52,2387
52,2389
52,2419
52,2433
52,2443
52,2496
52,2507
52,2565
52,2572
52,2585
52,2629
52,2645
52,2684
52,2689
52,2832
52,2900
52,2909
52,2913
52,3068
52,3093
52,3103
52,3108
52,3250
52,3286
52,3295
52,3351
52,3502
52,3518
52,3520
52,3543
52,3552
52,3598
52,3639
52,3673
52,3694
52,3741
52,3763
52,3791
52,3924
52,3948
52,3986
52,4011
52,4063
52,4128
52,4129
52,4134
52,4174
52,4178
52,4282
52,4351
52,4410
52,4492
52,4499
52,4500
52,4588
52,4613
52,4634
52,4636
52,4673
52,4680
52,4707
52,4741
52,4766
52,4792
52,4865
52,4873
52,4920
52,4950
52,4952
52,4997
52,5024
52,5071
52,5088
52,5119
52,5157
52,5205
52,5267
52,5272
52,5370
52,5407
52,5433
52,5486
52,5501
52,5504
52,5509
52,5513
52,5523
52,5527
52,5570
52,5599
52,5687
52,5694
52,5751
52,5790
52,5799
52,5828
52,5837
52,5839
52,5860
52,5875
52,5881
52,5894
52,5895
52,5898
52,5920
52,5974
52,5994
52,6081
52,6113
52,6134
52,6160
52,6244
52,6261
52,6285
52,6300
52,6329
52,6379
52,6424
52,6474
52,6519
52,6524
52,6571
52,6585
52,6607
52,6623
52,6647
52,6654
52,6688
52,6706
52,6736
52,6827
52,6832
52,6864
52,6872
52,6902
52,6942
52,6943
52,6994
52,7020
52,7071
52,7127
52,7135
52,7240
52,7248
52,7292
52,7327
52,7343
52,7346
52,7354
52,7423
52,7424
52,7435
52,7484
52,7491
52,7525
52,7596
52,7626
52,7630
52,7636
52,7667
52,7682
52,7731
52,7768
52,7792
52,7805
52,7807
52,7808
52,7828
52,7839
52,7852
52,7862
52,7868
52,7932
52,7938
52,7941
52,7942
52,8017
52,8040
52,8048
52,8098
52,8120
52,8140
52,8156
52,8188
52,8234
52,8253
52,8304
52,8305
52,8397
52,8425
52,8455
52,8464
52,8488
52,8503
52,8515
52,8531
52,8585
52,8591
52,8602
52,8729
52,8750
52,8754
52,8774
52,8775
52,8858
52,8906
52,8911
52,8961
52,8965
52,8974
52,9007
52,9036
52,9048
52,9054
52,9055
52,9099
52,9111
52,9151
52,9176
52,9210
52,9229
52,9237
52,9260
52,9274
52,9282
52,9317
52,9318
52,9335
52,9340
52,9347
52,9358
52,9398
52,9401
52,9411
52,9470
52,9482
52,9523
52,9559
52,9561
52,9587
52,9608
52,9694
52,9701
52,9738
52,9765
52,9907
52,9937
52,9942
52,9999
52,10004
52,10016
52,10061
52,10091
52,10093
52,10101
52,10236
52,10258
52,10296
52,10355
52,10433
52,10463
52,10476
52,10676
52,10726
52,10787
52,10854
52,10860
52,10915
52,10928
52,10993
52,11007
52,11174
52,11179
52,11245
52,11379
52,11389
52,11397
52,11398
52,11406
52,11422
52,11453
52,11470
52,11489
52,11512
52,11591
52,11635
52,11656
52,11759
52,11817
52,11856
52,11941
52,11962
52,11974
52,11992
52,12015
52,12022
52,12028
52,12052
52,12068
52,12090
52,12128
52,12137
52,12206
52,12211
52,12222
52,12226
52,12280
52,12300
52,12306
52,12329
52,12392
52,12462
52,12504
52,12526
52,12678
52,12719
52,12744
52,12754
52,12762
52,12782
52,12798
52,12880
52,12924
52,12978
52,12993
52,13131
52,13167
52,13184
52,13196
52,13273
52,13278
52,13324
52,13351
52,13368
52,13411
52,13450
52,13471
52,13479
52,13495
52,13506
52,13516
52,13574
52,13581
52,13598
52,13726
52,13783
52,13868
52,13910
52,13952
52,13967
52,13972
52,13987
52,14040
52,14120
52,14126
52,14164
52,14184
52,14200
52,14256
52,14285
52,14303
52,14325
52,14374
52,14375
52,14383
52,14384
52,14429
52,14436
52,14550
52,14605
52,14609
52,14611
52,14623
52,14658
52,14702
52,14716
52,14719
52,14745
52,14746
52,14845
52,14871
52,14878
52,14885
52,14902
52,14943
52,15003
52,15009
52,15082
52,15116
52,15129
52,15156
52,15197
52,15247
52,15271
52,15309
52,15335
52,15342
52,15345
52,15391
52,15460
52,15506
52,15510
52,15513
52,15555
52,15582
52,15636
52,15679
52,15721
52,15743
52,15744
52,15846
52,15856
52,15860
52,15873
52,15874
52,15914
52,15949
52,16069
52,16104
52,16109
52,16119
52,16129
52,16161
52,16175
52,16219
52,16232
52,16236
52,16241
52,16262
52,16286
52,16326
52,16431
52,16442
52,16474
52,16495
52,16590
52,16595
52,16645
52,16728
52,16753
52,16826
52,16860
52,17002
52,17015
52,17065
52,17093
52,17155
52,17170
52,17209
52,17290
52,17322
52,17339
52,17376
52,17398
52,17467
52,17474
52,17481
52,17560
52,17628
52,17637
52,17679
52,17718
52,17749
52,17763
52,17773
52,17844
52,17853
52,17854
52,17906
52,17972
52,18006
52,18051
52,18090
52,18110
52,18148
52,18177
52,18257
52,18379
52,18387
52,18390
52,18435
52,18465
52,18473
52,18553
52,18627
52,18643
52,18656
52,18668
52,18697
52,18707
52,18736
52,18763
52,18860
52,18863
52,18915
52,18931
52,18941
52,18983
52,19021
52,19025
52,19028
52,19035
52,19141
52,19155
52,19165
52,19228
52,19234
52,19262
52,19273
52,19282
52,19298
52,19340
52,19351
52,19361
52,19363
52,19404
52,19464
52,19509
52,19594
52,19598
52,19600
52,19613
52,19633
52,19725
52,19738
52,19741
52,19788
52,19797
52,19839
52,19858
52,19872
52,19919
52,19941
52,19999
52,20052
52,20080
52,20107
52,20113
52,20117
52,20218
52,20259
52,20294
52,20337
52,20341
52,20345
52,20382
52,20572
52,20664
52,20700
52,20705
52,20789
52,20813
52,20896
52,20914
52,20968
52,20972
52,21002
52,21026
52,21059
52,21080
52,21084
52,21110
52,21133
52,21147
52,21155
52,21156
52,21216
52,21263
52,21273
52,21302
52,21309
52,21313
52,21324
52,21361
52,21417
52,21457
52,21458
52,21466
52,21474
52,21557
52,21628
52,21674
52,21716
52,21801
52,21839
52,21869
52,21870
52,21912
52,21925
52,21944
52,21945
52,21989
52,22025
52,22059
52,22069
52,22097
52,22109
52,22209
52,22331
52,22542
52,22548
52,22574
52,22583
52,22593
52,22626
52,22652
52,22653
52,22663
52,22691
52,22741
52,22752
52,22830
52,22834
52,22836
52,22840
52,22845
52,22877
52,22888
52,22940
52,22961
52,23004
52,23020
52,23047
52,23084
52,23093
52,23117
52,23127
52,23129
52,23132
52,23239
52,23281
52,23310
52,23360
52,23377
52,23398
52,23445
52,23448
52,23452
52,23644
52,23709
52,23711
52,23734
52,23817
52,23849
52,23903
52,23905
52,23977
52,24066
52,24067
52,24082
52,24110
52,24112
52,24186
52,24203
52,24253
52,24280
52,24284
52,24343
52,24409
52,24432
52,24456
52,24484
52,24549
52,24571
52,24574
52,24591
52,24593
52,24619
52,24637
52,24683
52,24710
52,24723
52,24820
52,24826
52,24827
52,24840
52,24920
52,25021
52,25027
52,25043
52,25047
52,25050
52,25070
52,25084
52,25106
52,25112
52,25131
52,25136
52,25162
52,25219
52,25226
52,25306
52,25314
52,25325
52,25336
52,25362
52,25370
52,25387
52,25420
52,25432
52,25448
52,25472
52,25479
52,25506
52,25553
52,25642
52,25677
52,25697
52,25713
52,25731
52,25732
52,25737
52,25780
52,25787
52,25794
52,25804
52,25809
52,25830
52,25913
52,25955
52,25964
52,25973
52,25997
52,26014
52,26029
52,26068
52,26187
52,26188
52,26195
52,26233
52,26299
52,26305
52,26346
52,26437
52,26483
52,26526
52,26550
52,26561
52,26600
52,26607
52,26625
52,26648
52,26652
52,26654
52,26690
52,26790
52,26802
52,26831
52,26843
52,26868
52,26886
52,26930
52,26931
52,26951
52,26958
52,26980
52,26997
52,27034
52,27054
52,27081
52,27109
52,27159
52,27180
52,27198
52,27206
52,27207
52,27243
52,27267
52,27280
52,27426
52,27472
52,27529
52,27530
52,27536
52,27546
52,27600
52,27673
52,27704
52,27710
52,27711
52,27719
52,27854
52,27879
52,27917
52,27975
52,27977
52,28022
52,28034
52,28086
52,28123
52,28147
52,28153
52,28194
52,28220
52,28228
52,28274
52,28305
52,28349
52,28369
52,28399
52,28426
52,28430
52,28554
52,28566
52,28587
52,28621
52,28635
52,28650
52,28710
52,28716
52,28764
52,28778
52,28787
52,28797
52,28805
52,28851
52,28867
52,28877
52,28891
52,28959
52,29097
52,29132
52,29152
52,29223
52,29233
52,29238
52,29240
52,29304
52,29309
52,29375
52,29392
52,29393
52,29395
52,29471
52,29475
52,29478
52,29502
52,29520
52,29543
53,17
53,29
53,44
53,71
53,81
53,98
53,161
53,167
53,177
53,189
53,430
53,437
53,438
53,441
53,467
53,477
53,486
53,502
53,532
53,543
53,593
53,605
53,619
53,628
53,667
53,899
53,920
53,946
53,1010
53,1061
53,1073
53,1126
53,1138
53,1207
53,1343
53,1397
53,1451
53,1462
53,1567
53,1648
53,1693
53,1739
53,1783
53,1788
53,1820
53,1829
53,1864
53,1915
53,1929
53,1946
53,1971
53,1976
53,1996
53,2014
53,2080
53,2095
53,2125
53,2145
53,2175
53,2271
53,2309
53,2325
53,2387
53,2402
53,2412
53,2478
53,2490
53,2536
53,2537
53,2540
53,2562
53,2671
53,2728
53,2861
53,2996
53,3023
53,3047
53,3105
53,3168
53,3170
53,3175
53,3187
53,3189
53,3243
53,3261
53,3343
53,3386
53,3454
53,3472
53,3500
53,3639
53,3683
53,3733
53,3766
53,3783
53,3810
53,3877
53,3893
53,3987
53,4056
53,4100
53,4163
53,4228
53,4238
53,4240
53,4244
53,4251
53,4302
53,4326
53,4332
53,4342
53,4353
53,4415
53,4448
53,4456
53,4474
53,4479
53,4521
53,4571
53,4597
53,4627
53,4678
53,4730
53,4822
53,4861
53,4879
53,4980
53,4989
53,5052
53,5080
53,5101
53,5119
53,5121
53,5122
53,5142
53,5149
53,5152
53,5153
53,5160
53,5177
53,5190
53,5211
53,5222
53,5271
53,5322
53,5340
53,5451
53,5560
53,5668
53,5698
53,5704
53,5777
53,5793
53,5805
53,5845
53,5870
53,5910
53,5961
53,5981
53,5984
53,6023
53,6101
53,6108
53,6131
53,6239
53,6283
53,6343
53,6355
53,6411
53,6412
53,6414
53,6415
53,6424
53,6467
53,6470
53,6475
53,6500
53,6561
53,6562
53,6637
53,6646
53,6665
53,6731
53,6738
53,6762
53,6779
53,6832
53,6942
53,6956
53,7014
53,7059
53,7082
53,7086
53,7100
53,7177
53,7181
53,7237
53,7309
53,7313
53,7332
53,7405
53,7408
53,7437
53,7452
53,7460
53,7589
53,7648
53,7749
53,7776
53,7789
53,7800
53,7812
53,7864
53,7900
53,7919
53,7922
53,7940
53,7952
53,8027
53,8136
53,8148
53,8180
53,8201
53,8280
53,8288
53,8388
53,8461
53,8481
53,8489
53,8557
53,8593
53,8660
53,8692
53,8765
53,8822
53,8839
53,8853
53,8884
53,8901
53,8942
53,9022
53,9043
53,9102
53,9183
53,9185
53,9208
53,9241
53,9251
53,9275
53,9334
53,9336
53,9396
53,9491
53,9556
53,9618
53,9629
53,9692
53,9741
53,9801
53,9805
53,9853
53,9858
53,9880
53,9887
53,9914
53,9933
53,9968
53,10022
53,10044
53,10065
53,10116
53,10162
53,10166
53,10189
53,10191
53,10208
53,10236
53,10266
53,10277
53,10306
53,10309
53,10320
53,10358
53,10364
53,10375
53,10389
53,10395
53,10399
53,10403
53,10408
53,10430
53,10461
53,10493
53,10511
53,10533
53,10535
53,10562
53,10606
53,10637
53,10666
53,10696
53,10748
53,10750
53,10806
53,10810
53,10812
53,10859
53,10861
53,10941
53,10966
53,10983
53,10984
53,11020
53,11038
53,11066
53,11070
53,11103
53,11132
53,11133
53,11184
53,11191
53,11199
53,11223
53,11280
53,11289
53,11332
53,11333
53,11350
53,11384
53,11443
53,11506
53,11576
53,11644
53,11700
53,11754
53,11759
53,11802
53,11827
53,11836
53,11858
53,11863
53,11886
53,11965
53,12011
53,12015
53,12021
53,12029
53,12095
53,12128
53,12131
53,12213
53,12234
53,12237
53,12256
53,12278
53,12304
53,12356
53,12383
53,12403
53,12424
53,12480
53,12492
53,12563
53,12597
53,12599
53,12742
53,12743
53,12746
53,12760
53,12796
53,12813
53,12842
53,12855
53,12857
53,12867
53,12897
53,12928
53,12948
53,12979
53,12985
53,13009
53,13010
53,13022
53,13023
53,13133
53,13146
53,13199
53,13212
53,13226
53,13240
53,13250
53,13257
53,13268
53,13269
53,13271
53,13294
53,13344
53,13356
53,13359
53,13406
53,13413
53,13491
53,13495
53,13501
53,13504
53,13521
53,13522
53,13524
53,13561
53,13571
53,13719
53,13796
53,13854
53,13892
53,13955
53,13966
53,13990
53,14059
53,14061
53,14064
53,14145
53,14169
53,14178
53,14199
53,14205
53,14261
53,14272
53,14406
53,14420
53,14422
53,14466
53,14483
53,14522
53,14633
53,14634
53,14659
53,14725
53,14751
53,14768
53,14802
53,14811
53,14832
53,14837
53,14855
53,14882
53,14933
53,14957
53,14960
53,14988
53,15091
53,15095
53,15107
53,15132
53,15139
53,15171
53,15214
53,15230
53,15234
53,15252
53,15343
53,15384
53,15426
53,15462
53,15477
53,15530
53,15598
53,15604
53,15651
53,15653
53,15690
53,15727
53,15830
53,15838
53,15839
53,15857
53,15986
53,16055
53,16112
53,16200
53,16223
53,16366
53,16386
53,16396
53,16397
53,16582
53,16611
53,16633
53,16676
53,16695
53,16715
53,16730
53,16750
53,16759
53,16764
53,16858
53,16874
53,16907
53,16976
53,17047
53,17050
53,17061
53,17071
53,17079
53,17108
53,17177
53,17249
53,17347
53,17378
53,17424
53,17507
53,17508
53,17599
53,17608
53,17616
53,17633
53,17634
53,17650
53,17696
53,17704
53,17705
53,17716
53,17724
53,17757
53,17764
53,17774
53,17790
53,17798
53,17811
53,17844
53,17891
53,17896
53,17924
53,17928
53,17981
53,17995
53,18002
53,18260
53,18276
53,18295
53,18317
53,18318
53,18335
53,18395
53,18408
53,18432
53,18441
53,18444
53,18452
53,18474
53,18476
53,18485
53,18489
53,18493
53,18527
53,18529
53,18531
53,18533
53,18558
53,18576
53,18587
53,18665
53,18666
53,18680
53,18724
53,18759
53,18762
53,18799
53,18807
53,18812
53,18831
53,18837
53,18874
53,18885
53,18923
53,18934
53,18968
53,18992
53,18996
53,19031
53,19033
53,19043
53,19093
53,19133
53,19142
53,19153
53,19200
53,19219
53,19265
53,19280
53,19344
53,19347
53,19363
53,19368
53,19388
53,19478
53,19501
53,19503
53,19512
53,19513
53,19571
53,19605
53,19631
53,19632
53,19643
53,19644
53,19717
53,19727
53,19729
53,19730
53,19771
53,19817
53,19890
53,19906
53,19925
53,19930
53,19958
53,19983
53,20041
53,20124
53,20144
53,20232
53,20236
53,20237
53,20260
53,20263
53,20268
53,20295
53,20299
53,20308
53,20311
53,20340
53,20359
53,20362
53,20404
53,20409
53,20418
53,20455
53,20488
53,20560
53,20568
53,20596
53,20604
53,20624
53,20653
53,20681
53,20684
53,20703
53,20712
53,20730
53,20732
53,20794
53,20807
53,20872
53,20984
53,20995
53,21043
53,21101
53,21132
53,21207
53,21283
53,21343
53,21355
53,21407
53,21442
53,21467
53,21559
53,21632
53,21665
53,21699
53,21721
53,21738
53,21867
53,21893
53,21894
53,21897
53,21942
53,21978
53,22044
53,22055
53,22062
53,22075
53,22087
53,22232
53,22256
53,22328
53,22362
53,22404
53,22464
53,22520
53,22527
53,22638
53,22640
53,22676
53,22773
53,22853
53,22855
53,22858
53,22901
53,22909
53,22916
53,22932
53,23002
53,23031
53,23104
53,23106
53,23126
53,23139
53,23174
53,23194
53,23255
53,23274
53,23289
53,23323
53,23326
53,23330
53,23345
53,23360
53,23389
53,23390
53,23424
53,23441
53,23447
53,23524
53,23548
53,23552
53,23556
53,23579
53,23593
53,23608
53,23623
53,23644
53,23658
53,23694
53,23759
53,23771
53,23859
53,23960
53,23964
53,24048
53,24075
53,24098
53,24108
53,24125
53,24130
53,24149
53,24160
53,24164
53,24219
53,24246
53,24248
53,24282
53,24295
53,24301
53,24305
53,24351
53,24388
53,24430
53,24494
53,24543
53,24579
53,24650
53,24729
53,24849
53,24853
53,24887
53,24908
53,24958
53,24966
53,24975
53,25000
53,25017
53,25019
53,25024
53,25064
53,25088
53,25190
53,25335
53,25351
53,25525
53,25575
53,25608
53,25612
53,25660
53,25739
53,25744
53,25747
53,25773
53,25801
53,25835
53,25947
53,25976
53,25996
53,26010
53,26036
53,26050
53,26060
53,26080
53,26089
53,26093
53,26109
53,26116
53,26151
53,26206
53,26218
53,26281
53,26318
53,26319
53,26327
53,26334
53,26337
53,26338
53,26358
53,26359
53,26374
53,26378
53,26403
53,26493
53,26502
53,26624
53,26626
53,26634
53,26648
53,26668
53,26734
53,26803
53,26805
53,26831
53,26849
53,26856
53,26857
53,27006
53,27034
53,27074
53,27093
53,27145
53,27181
53,27221
53,27236
53,27363
53,27395
53,27409
53,27426
53,27433
53,27481
53,27482
53,27533
53,27546
53,27600
53,27684
53,27685
53,27690
53,27702
53,27773
53,27801
53,27820
53,27855
53,27920
53,27932
53,27937
53,28027
53,28069
53,28095
53,28097
53,28113
53,28123
53,28197
53,28204
53,28213
53,28237
53,28311
53,28318
53,28335
53,28369
53,28395
53,28409
53,28422
53,28429
53,28454
53,28459
53,28539
53,28594
53,28686
53,28708
53,28730
53,28741
53,28848
53,28866
53,28879
53,28885
53,28891
53,29015
53,29018
53,29022
53,29052
53,29063
53,29071
53,29134
53,29184
53,29235
53,29262
53,29302
53,29347
53,29357
53,29439
53,29459
53,29538
