ID,Source_ID,Slot,Question_Base,Q_Length,Neutral_Prompt,Reward_Prompt,Money_Prompt
1,1,4,"At the zoo a cage had sixty-eight snakes. If forty-two were hiding, how many snakes were not hiding?",100,"Please read the following question and answer it now. At the zoo a cage had sixty-eight snakes. If forty-two were hiding, how many snakes were not hiding?","You will receive a great reward for a correct answer. At the zoo a cage had sixty-eight snakes. If forty-two were hiding, how many snakes were not hiding?","You will receive 100 US dollars for a correct answer. At the zoo a cage had sixty-eight snakes. If forty-two were hiding, how many snakes were not hiding?"
2,4,1,"Another region was the aquatic reserve for freshwater organisms. If there are 6 bodies of water in the region, each having 175 different fishes, how many fishes does he have in total?",183,"Please read the following question and answer it now. Another region was the aquatic reserve for freshwater organisms. If there are 6 bodies of water in the region, each having 175 different fishes, how many fishes does he have in total?","You will receive a great reward for a correct answer. Another region was the aquatic reserve for freshwater organisms. If there are 6 bodies of water in the region, each having 175 different fishes, how many fishes does he have in total?","You will receive 100 US dollars for a correct answer. Another region was the aquatic reserve for freshwater organisms. If there are 6 bodies of water in the region, each having 175 different fishes, how many fishes does he have in total?"
3,4,2,"Tim has a bag of 36 orange-flavoured sweets and Peter has a bag of 44 grape-flavoured sweets. They have to divide up the sweets into small trays with equal number of sweets; each tray containing either orange-flavoured or grape-flavoured sweets only. If there is no remainder, what is the largest possible number of sweets in each tray?",336,"Please read the following question and answer it now. Tim has a bag of 36 orange-flavoured sweets and Peter has a bag of 44 grape-flavoured sweets. They have to divide up the sweets into small trays with equal number of sweets; each tray containing either orange-flavoured or grape-flavoured sweets only. If there is no remainder, what is the largest possible number of sweets in each tray?","You will receive a great reward for a correct answer. Tim has a bag of 36 orange-flavoured sweets and Peter has a bag of 44 grape-flavoured sweets. They have to divide up the sweets into small trays with equal number of sweets; each tray containing either orange-flavoured or grape-flavoured sweets only. If there is no remainder, what is the largest possible number of sweets in each tray?","You will receive 100 US dollars for a correct answer. Tim has a bag of 36 orange-flavoured sweets and Peter has a bag of 44 grape-flavoured sweets. They have to divide up the sweets into small trays with equal number of sweets; each tray containing either orange-flavoured or grape-flavoured sweets only. If there is no remainder, what is the largest possible number of sweets in each tray?"
4,4,4,Ted has 15 candy bars. He wants to put them into 5 bags so there are the same number of candy bars in each bag. How many candy bars should go in each bag?,154,Please read the following question and answer it now. Ted has 15 candy bars. He wants to put them into 5 bags so there are the same number of candy bars in each bag. How many candy bars should go in each bag?,You will receive a great reward for a correct answer. Ted has 15 candy bars. He wants to put them into 5 bags so there are the same number of candy bars in each bag. How many candy bars should go in each bag?,You will receive 100 US dollars for a correct answer. Ted has 15 candy bars. He wants to put them into 5 bags so there are the same number of candy bars in each bag. How many candy bars should go in each bag?
5,5,1,A farmer planted twenty seeds on Wednesday and another two seeds on Thursday. How many seeds did he plant total?,112,Please read the following question and answer it now. A farmer planted twenty seeds on Wednesday and another two seeds on Thursday. How many seeds did he plant total?,You will receive a great reward for a correct answer. A farmer planted twenty seeds on Wednesday and another two seeds on Thursday. How many seeds did he plant total?,You will receive 100 US dollars for a correct answer. A farmer planted twenty seeds on Wednesday and another two seeds on Thursday. How many seeds did he plant total?
6,6,3,"Vanessa had saved up eight hundred fifty-five quarters and decided to spend them on sodas. If it costs seven quarters for each soda from a soda machine, how many more quarters would she need to buy the final soda?",213,"Please read the following question and answer it now. Vanessa had saved up eight hundred fifty-five quarters and decided to spend them on sodas. If it costs seven quarters for each soda from a soda machine, how many more quarters would she need to buy the final soda?","You will receive a great reward for a correct answer. Vanessa had saved up eight hundred fifty-five quarters and decided to spend them on sodas. If it costs seven quarters for each soda from a soda machine, how many more quarters would she need to buy the final soda?","You will receive 100 US dollars for a correct answer. Vanessa had saved up eight hundred fifty-five quarters and decided to spend them on sodas. If it costs seven quarters for each soda from a soda machine, how many more quarters would she need to buy the final soda?"
7,6,4,Crackers come in packages of 18. Betty ate 45 crackers. How many crackers does she have left?,93,Please read the following question and answer it now. Crackers come in packages of 18. Betty ate 45 crackers. How many crackers does she have left?,You will receive a great reward for a correct answer. Crackers come in packages of 18. Betty ate 45 crackers. How many crackers does she have left?,You will receive 100 US dollars for a correct answer. Crackers come in packages of 18. Betty ate 45 crackers. How many crackers does she have left?
8,8,1,"April's discount flowers was having a sale where each flower was eight dollars. If Vanessa bought three roses and three daisies, how much did she spend?",152,"Please read the following question and answer it now. April's discount flowers was having a sale where each flower was eight dollars. If Vanessa bought three roses and three daisies, how much did she spend?","You will receive a great reward for a correct answer. April's discount flowers was having a sale where each flower was eight dollars. If Vanessa bought three roses and three daisies, how much did she spend?","You will receive 100 US dollars for a correct answer. April's discount flowers was having a sale where each flower was eight dollars. If Vanessa bought three roses and three daisies, how much did she spend?"
9,9,2,You have 7 balloons and your friend has 5 balloons. What's the difference of the number of your balloons and your friend's balloons?,132,Please read the following question and answer it now. You have 7 balloons and your friend has 5 balloons. What's the difference of the number of your balloons and your friend's balloons?,You will receive a great reward for a correct answer. You have 7 balloons and your friend has 5 balloons. What's the difference of the number of your balloons and your friend's balloons?,You will receive 100 US dollars for a correct answer. You have 7 balloons and your friend has 5 balloons. What's the difference of the number of your balloons and your friend's balloons?
10,9,4,"Robin is making bead necklaces. She wants to use 31 beads to make 4 necklaces. If she wants each necklace to have the same number of beads, how many beads will she have left over?",179,"Please read the following question and answer it now. Robin is making bead necklaces. She wants to use 31 beads to make 4 necklaces. If she wants each necklace to have the same number of beads, how many beads will she have left over?","You will receive a great reward for a correct answer. Robin is making bead necklaces. She wants to use 31 beads to make 4 necklaces. If she wants each necklace to have the same number of beads, how many beads will she have left over?","You will receive 100 US dollars for a correct answer. Robin is making bead necklaces. She wants to use 31 beads to make 4 necklaces. If she wants each necklace to have the same number of beads, how many beads will she have left over?"
11,10,1,"An airline has 41 pieces of luggage to put away. If each luggage compartment will hold 5 pieces of luggage, how many will be in the compartment that isn't full?",160,"Please read the following question and answer it now. An airline has 41 pieces of luggage to put away. If each luggage compartment will hold 5 pieces of luggage, how many will be in the compartment that isn't full?","You will receive a great reward for a correct answer. An airline has 41 pieces of luggage to put away. If each luggage compartment will hold 5 pieces of luggage, how many will be in the compartment that isn't full?","You will receive 100 US dollars for a correct answer. An airline has 41 pieces of luggage to put away. If each luggage compartment will hold 5 pieces of luggage, how many will be in the compartment that isn't full?"
12,11,1,"A new store opened up at the mall. During the first hour, 94 people came in and 27 people left. During the second hour, 18 people came in and 9 people left. How many people were still in the store after 2 hours?",211,"Please read the following question and answer it now. A new store opened up at the mall. During the first hour, 94 people came in and 27 people left. During the second hour, 18 people came in and 9 people left. How many people were still in the store after 2 hours?","You will receive a great reward for a correct answer. A new store opened up at the mall. During the first hour, 94 people came in and 27 people left. During the second hour, 18 people came in and 9 people left. How many people were still in the store after 2 hours?","You will receive 100 US dollars for a correct answer. A new store opened up at the mall. During the first hour, 94 people came in and 27 people left. During the second hour, 18 people came in and 9 people left. How many people were still in the store after 2 hours?"
13,12,1,"A library buys 4,305 new books. If it wants to shelve them equally onto 83 shelves, how many more new books should be purchased?",128,"Please read the following question and answer it now. A library buys 4,305 new books. If it wants to shelve them equally onto 83 shelves, how many more new books should be purchased?","You will receive a great reward for a correct answer. A library buys 4,305 new books. If it wants to shelve them equally onto 83 shelves, how many more new books should be purchased?","You will receive 100 US dollars for a correct answer. A library buys 4,305 new books. If it wants to shelve them equally onto 83 shelves, how many more new books should be purchased?"
14,12,4,"Even the chipmunks are trying to get away to find other warmer places to stay. If 21 chipmunk families were left from the original 86 families, how many chipmunk families went away?",181,"Please read the following question and answer it now. Even the chipmunks are trying to get away to find other warmer places to stay. If 21 chipmunk families were left from the original 86 families, how many chipmunk families went away?","You will receive a great reward for a correct answer. Even the chipmunks are trying to get away to find other warmer places to stay. If 21 chipmunk families were left from the original 86 families, how many chipmunk families went away?","You will receive 100 US dollars for a correct answer. Even the chipmunks are trying to get away to find other warmer places to stay. If 21 chipmunk families were left from the original 86 families, how many chipmunk families went away?"
15,13,2,"At the arcade Debby spent 2 tickets on a hat, 10 on a stuffed animal and 2 on a yoyo. How many tickets did she spend total?",123,"Please read the following question and answer it now. At the arcade Debby spent 2 tickets on a hat, 10 on a stuffed animal and 2 on a yoyo. How many tickets did she spend total?","You will receive a great reward for a correct answer. At the arcade Debby spent 2 tickets on a hat, 10 on a stuffed animal and 2 on a yoyo. How many tickets did she spend total?","You will receive 100 US dollars for a correct answer. At the arcade Debby spent 2 tickets on a hat, 10 on a stuffed animal and 2 on a yoyo. How many tickets did she spend total?"
16,13,4,"Before she went home, she bought t-shirts, key chains and handmade bracelets as souvenirs. She spent $347.00 on key chains and bracelets which is $146.00 more than she spent on t-shirts. How much money did she spend on all the souvenirs?",237,"Please read the following question and answer it now. Before she went home, she bought t-shirts, key chains and handmade bracelets as souvenirs. She spent $347.00 on key chains and bracelets which is $146.00 more than she spent on t-shirts. How much money did she spend on all the souvenirs?","You will receive a great reward for a correct answer. Before she went home, she bought t-shirts, key chains and handmade bracelets as souvenirs. She spent $347.00 on key chains and bracelets which is $146.00 more than she spent on t-shirts. How much money did she spend on all the souvenirs?","You will receive 100 US dollars for a correct answer. Before she went home, she bought t-shirts, key chains and handmade bracelets as souvenirs. She spent $347.00 on key chains and bracelets which is $146.00 more than she spent on t-shirts. How much money did she spend on all the souvenirs?"
17,14,1,Dave bought a new flat screen TV. The screen was 2 feet wide and 4 feet tall. What is the area of the screen?,109,Please read the following question and answer it now. Dave bought a new flat screen TV. The screen was 2 feet wide and 4 feet tall. What is the area of the screen?,You will receive a great reward for a correct answer. Dave bought a new flat screen TV. The screen was 2 feet wide and 4 feet tall. What is the area of the screen?,You will receive 100 US dollars for a correct answer. Dave bought a new flat screen TV. The screen was 2 feet wide and 4 feet tall. What is the area of the screen?
18,15,2,"A trivia team had 9 members total, but during a game 3 members didn't show up. If each member that did show up scored 2 points, how many points were scored total?",162,"Please read the following question and answer it now. A trivia team had 9 members total, but during a game 3 members didn't show up. If each member that did show up scored 2 points, how many points were scored total?","You will receive a great reward for a correct answer. A trivia team had 9 members total, but during a game 3 members didn't show up. If each member that did show up scored 2 points, how many points were scored total?","You will receive 100 US dollars for a correct answer. A trivia team had 9 members total, but during a game 3 members didn't show up. If each member that did show up scored 2 points, how many points were scored total?"
19,16,4,Ed had 22 more marbles than Doug. Doug lost 8 of his marbles at the playground. How many more marble did Ed have than Doug then?,128,Please read the following question and answer it now. Ed had 22 more marbles than Doug. Doug lost 8 of his marbles at the playground. How many more marble did Ed have than Doug then?,You will receive a great reward for a correct answer. Ed had 22 more marbles than Doug. Doug lost 8 of his marbles at the playground. How many more marble did Ed have than Doug then?,You will receive 100 US dollars for a correct answer. Ed had 22 more marbles than Doug. Doug lost 8 of his marbles at the playground. How many more marble did Ed have than Doug then?
20,18,4,Daniel had some noodles. He gave 12 noodles to William. Now Daniel only has 54 noodles. How many noodles did Daniel have to begin with?,135,Please read the following question and answer it now. Daniel had some noodles. He gave 12 noodles to William. Now Daniel only has 54 noodles. How many noodles did Daniel have to begin with?,You will receive a great reward for a correct answer. Daniel had some noodles. He gave 12 noodles to William. Now Daniel only has 54 noodles. How many noodles did Daniel have to begin with?,You will receive 100 US dollars for a correct answer. Daniel had some noodles. He gave 12 noodles to William. Now Daniel only has 54 noodles. How many noodles did Daniel have to begin with?
21,20,4,"Farmer Singleton has a plot of tomato plants. There are 4 tomato plants in the first row, 8 tomato plants in the second row, 16 tomato plants in the third row, 32 tomato plants in the fourth row, and 64 tomato plants in the fifth row. If this pattern continues, how many tomato plants will there be in the sixth row?",316,"Please read the following question and answer it now. Farmer Singleton has a plot of tomato plants. There are 4 tomato plants in the first row, 8 tomato plants in the second row, 16 tomato plants in the third row, 32 tomato plants in the fourth row, and 64 tomato plants in the fifth row. If this pattern continues, how many tomato plants will there be in the sixth row?","You will receive a great reward for a correct answer. Farmer Singleton has a plot of tomato plants. There are 4 tomato plants in the first row, 8 tomato plants in the second row, 16 tomato plants in the third row, 32 tomato plants in the fourth row, and 64 tomato plants in the fifth row. If this pattern continues, how many tomato plants will there be in the sixth row?","You will receive 100 US dollars for a correct answer. Farmer Singleton has a plot of tomato plants. There are 4 tomato plants in the first row, 8 tomato plants in the second row, 16 tomato plants in the third row, 32 tomato plants in the fourth row, and 64 tomato plants in the fifth row. If this pattern continues, how many tomato plants will there be in the sixth row?"
22,21,2,A pet store took ten birds out of a cage and had nine still left inside. How many birds were in the cage to start with?,119,Please read the following question and answer it now. A pet store took ten birds out of a cage and had nine still left inside. How many birds were in the cage to start with?,You will receive a great reward for a correct answer. A pet store took ten birds out of a cage and had nine still left inside. How many birds were in the cage to start with?,You will receive 100 US dollars for a correct answer. A pet store took ten birds out of a cage and had nine still left inside. How many birds were in the cage to start with?
23,21,4,"John had 33 socks. If he threw away 19 old ones that didn't fit and bought 13 new ones, how many socks would he have?",117,"Please read the following question and answer it now. John had 33 socks. If he threw away 19 old ones that didn't fit and bought 13 new ones, how many socks would he have?","You will receive a great reward for a correct answer. John had 33 socks. If he threw away 19 old ones that didn't fit and bought 13 new ones, how many socks would he have?","You will receive 100 US dollars for a correct answer. John had 33 socks. If he threw away 19 old ones that didn't fit and bought 13 new ones, how many socks would he have?"
24,22,4,Mrs. Santiago has 58 red roses. Mrs. Garrett has 24. What's the difference of the number of Mrs. Santiago's red roses and Mrs. Garrett's red roses?,147,Please read the following question and answer it now. Mrs. Santiago has 58 red roses. Mrs. Garrett has 24. What's the difference of the number of Mrs. Santiago's red roses and Mrs. Garrett's red roses?,You will receive a great reward for a correct answer. Mrs. Santiago has 58 red roses. Mrs. Garrett has 24. What's the difference of the number of Mrs. Santiago's red roses and Mrs. Garrett's red roses?,You will receive 100 US dollars for a correct answer. Mrs. Santiago has 58 red roses. Mrs. Garrett has 24. What's the difference of the number of Mrs. Santiago's red roses and Mrs. Garrett's red roses?
25,25,3,"Brenda, Betty's sister, wanted to have 3 bracelets with star-shaped stones. She also bought 36 star-shaped stones from the local store and gave it to Betty. How many star-shaped stones will there be in each of the bracelet Betty makes for Brenda?",246,"Please read the following question and answer it now. Brenda, Betty's sister, wanted to have 3 bracelets with star-shaped stones. She also bought 36 star-shaped stones from the local store and gave it to Betty. How many star-shaped stones will there be in each of the bracelet Betty makes for Brenda?","You will receive a great reward for a correct answer. Brenda, Betty's sister, wanted to have 3 bracelets with star-shaped stones. She also bought 36 star-shaped stones from the local store and gave it to Betty. How many star-shaped stones will there be in each of the bracelet Betty makes for Brenda?","You will receive 100 US dollars for a correct answer. Brenda, Betty's sister, wanted to have 3 bracelets with star-shaped stones. She also bought 36 star-shaped stones from the local store and gave it to Betty. How many star-shaped stones will there be in each of the bracelet Betty makes for Brenda?"
26,26,2,Kyle bought 3 presents. The first present cost $18. The second present cost $7 more than the first. The third present cost $11 less than the first. How much did Kyle pay for all 3 presents?,189,Please read the following question and answer it now. Kyle bought 3 presents. The first present cost $18. The second present cost $7 more than the first. The third present cost $11 less than the first. How much did Kyle pay for all 3 presents?,You will receive a great reward for a correct answer. Kyle bought 3 presents. The first present cost $18. The second present cost $7 more than the first. The third present cost $11 less than the first. How much did Kyle pay for all 3 presents?,You will receive 100 US dollars for a correct answer. Kyle bought 3 presents. The first present cost $18. The second present cost $7 more than the first. The third present cost $11 less than the first. How much did Kyle pay for all 3 presents?
27,27,4,"After the mountain country, she went to the famous beach on the continent. There, she collected 291 seashells of different colors. If she has 76 red shells and 49 green shells, how many shells are not red or green?",214,"Please read the following question and answer it now. After the mountain country, she went to the famous beach on the continent. There, she collected 291 seashells of different colors. If she has 76 red shells and 49 green shells, how many shells are not red or green?","You will receive a great reward for a correct answer. After the mountain country, she went to the famous beach on the continent. There, she collected 291 seashells of different colors. If she has 76 red shells and 49 green shells, how many shells are not red or green?","You will receive 100 US dollars for a correct answer. After the mountain country, she went to the famous beach on the continent. There, she collected 291 seashells of different colors. If she has 76 red shells and 49 green shells, how many shells are not red or green?"
28,28,1,"On a track for remote-controlled racing cars, racing car A completes the track in 28 seconds, while racing car B completes it in 24 seconds. If they both start at the same time, after how many seconds will they be side by side again?",233,"Please read the following question and answer it now. On a track for remote-controlled racing cars, racing car A completes the track in 28 seconds, while racing car B completes it in 24 seconds. If they both start at the same time, after how many seconds will they be side by side again?","You will receive a great reward for a correct answer. On a track for remote-controlled racing cars, racing car A completes the track in 28 seconds, while racing car B completes it in 24 seconds. If they both start at the same time, after how many seconds will they be side by side again?","You will receive 100 US dollars for a correct answer. On a track for remote-controlled racing cars, racing car A completes the track in 28 seconds, while racing car B completes it in 24 seconds. If they both start at the same time, after how many seconds will they be side by side again?"
29,28,3,"A pet store had seven Siamese cats. If they sold four of them, how many cats did they still have?",97,"Please read the following question and answer it now. A pet store had seven Siamese cats. If they sold four of them, how many cats did they still have?","You will receive a great reward for a correct answer. A pet store had seven Siamese cats. If they sold four of them, how many cats did they still have?","You will receive 100 US dollars for a correct answer. A pet store had seven Siamese cats. If they sold four of them, how many cats did they still have?"
30,28,4,"Charlie and his father, an engineer, decided to build a treehouse in their backyard. In order to start constructing the house, Charlie and his father needed to gather some wood from the forest. If they initially have 15 extra planks of wood in the house and Charlie and his father got 10 planks of wood each, how many pieces of wood do they have in total?",355,"Please read the following question and answer it now. Charlie and his father, an engineer, decided to build a treehouse in their backyard. In order to start constructing the house, Charlie and his father needed to gather some wood from the forest. If they initially have 15 extra planks of wood in the house and Charlie and his father got 10 planks of wood each, how many pieces of wood do they have in total?","You will receive a great reward for a correct answer. Charlie and his father, an engineer, decided to build a treehouse in their backyard. In order to start constructing the house, Charlie and his father needed to gather some wood from the forest. If they initially have 15 extra planks of wood in the house and Charlie and his father got 10 planks of wood each, how many pieces of wood do they have in total?","You will receive 100 US dollars for a correct answer. Charlie and his father, an engineer, decided to build a treehouse in their backyard. In order to start constructing the house, Charlie and his father needed to gather some wood from the forest. If they initially have 15 extra planks of wood in the house and Charlie and his father got 10 planks of wood each, how many pieces of wood do they have in total?"
31,29,1,"A music teacher had 2 recorders, but she decided to buy 9 more boxes with each box having 3 recorders in it. How many recorders did she have after buying the 9 boxes?",166,"Please read the following question and answer it now. A music teacher had 2 recorders, but she decided to buy 9 more boxes with each box having 3 recorders in it. How many recorders did she have after buying the 9 boxes?","You will receive a great reward for a correct answer. A music teacher had 2 recorders, but she decided to buy 9 more boxes with each box having 3 recorders in it. How many recorders did she have after buying the 9 boxes?","You will receive 100 US dollars for a correct answer. A music teacher had 2 recorders, but she decided to buy 9 more boxes with each box having 3 recorders in it. How many recorders did she have after buying the 9 boxes?"
32,29,3,"Maria was placing her spare change into stacks. Each stack had three coins. If she had five stacks, how many coins did she have?",128,"Please read the following question and answer it now. Maria was placing her spare change into stacks. Each stack had three coins. If she had five stacks, how many coins did she have?","You will receive a great reward for a correct answer. Maria was placing her spare change into stacks. Each stack had three coins. If she had five stacks, how many coins did she have?","You will receive 100 US dollars for a correct answer. Maria was placing her spare change into stacks. Each stack had three coins. If she had five stacks, how many coins did she have?"
33,30,1,"At a farming supply store 2 pounds of seed cost $44.68. If a farmer needed 6 pounds of seeds, how much would it cost him?",121,"Please read the following question and answer it now. At a farming supply store 2 pounds of seed cost $44.68. If a farmer needed 6 pounds of seeds, how much would it cost him?","You will receive a great reward for a correct answer. At a farming supply store 2 pounds of seed cost $44.68. If a farmer needed 6 pounds of seeds, how much would it cost him?","You will receive 100 US dollars for a correct answer. At a farming supply store 2 pounds of seed cost $44.68. If a farmer needed 6 pounds of seeds, how much would it cost him?"
34,30,2,"A restaurant critic reviewed restaurants in Richmond and Yardley. In Richmond, the critic gave 14 positive reviews and 20 negative reviews. In Yardley, 12 of the reviews were positive and 17 were negative. In which city did the restaurant critic give a higher ratio of positive to negative reviews?",298,"Please read the following question and answer it now. A restaurant critic reviewed restaurants in Richmond and Yardley. In Richmond, the critic gave 14 positive reviews and 20 negative reviews. In Yardley, 12 of the reviews were positive and 17 were negative. In which city did the restaurant critic give a higher ratio of positive to negative reviews?","You will receive a great reward for a correct answer. A restaurant critic reviewed restaurants in Richmond and Yardley. In Richmond, the critic gave 14 positive reviews and 20 negative reviews. In Yardley, 12 of the reviews were positive and 17 were negative. In which city did the restaurant critic give a higher ratio of positive to negative reviews?","You will receive 100 US dollars for a correct answer. A restaurant critic reviewed restaurants in Richmond and Yardley. In Richmond, the critic gave 14 positive reviews and 20 negative reviews. In Yardley, 12 of the reviews were positive and 17 were negative. In which city did the restaurant critic give a higher ratio of positive to negative reviews?"
35,30,4,Mrs. Hilt gave 2 pieces of candy to each student in the group. The group had a total of 9 students in it. How many pieces of candy did Mrs. Hilt give away?,155,Please read the following question and answer it now. Mrs. Hilt gave 2 pieces of candy to each student in the group. The group had a total of 9 students in it. How many pieces of candy did Mrs. Hilt give away?,You will receive a great reward for a correct answer. Mrs. Hilt gave 2 pieces of candy to each student in the group. The group had a total of 9 students in it. How many pieces of candy did Mrs. Hilt give away?,You will receive 100 US dollars for a correct answer. Mrs. Hilt gave 2 pieces of candy to each student in the group. The group had a total of 9 students in it. How many pieces of candy did Mrs. Hilt give away?
36,32,2,"Finally, they had to roam around 169 factories to make sure they are throwing their wastes properly. If their group went to 69 factories and the second went to 52, how many factories remain unchecked?",200,"Please read the following question and answer it now. Finally, they had to roam around 169 factories to make sure they are throwing their wastes properly. If their group went to 69 factories and the second went to 52, how many factories remain unchecked?","You will receive a great reward for a correct answer. Finally, they had to roam around 169 factories to make sure they are throwing their wastes properly. If their group went to 69 factories and the second went to 52, how many factories remain unchecked?","You will receive 100 US dollars for a correct answer. Finally, they had to roam around 169 factories to make sure they are throwing their wastes properly. If their group went to 69 factories and the second went to 52, how many factories remain unchecked?"
37,34,4,Each day you put a bag of garbage that weighs 55 pounds in the dumpster. How many pounds of garbage will you put in the dumpster in 4 weeks?,140,Please read the following question and answer it now. Each day you put a bag of garbage that weighs 55 pounds in the dumpster. How many pounds of garbage will you put in the dumpster in 4 weeks?,You will receive a great reward for a correct answer. Each day you put a bag of garbage that weighs 55 pounds in the dumpster. How many pounds of garbage will you put in the dumpster in 4 weeks?,You will receive 100 US dollars for a correct answer. Each day you put a bag of garbage that weighs 55 pounds in the dumpster. How many pounds of garbage will you put in the dumpster in 4 weeks?
38,35,1,Tim has 39 pairs of headphones and 13 music players. Tim wants to sell all of the headphones and music players in identical packages. What is the greatest number of packages Tim can make?,187,Please read the following question and answer it now. Tim has 39 pairs of headphones and 13 music players. Tim wants to sell all of the headphones and music players in identical packages. What is the greatest number of packages Tim can make?,You will receive a great reward for a correct answer. Tim has 39 pairs of headphones and 13 music players. Tim wants to sell all of the headphones and music players in identical packages. What is the greatest number of packages Tim can make?,You will receive 100 US dollars for a correct answer. Tim has 39 pairs of headphones and 13 music players. Tim wants to sell all of the headphones and music players in identical packages. What is the greatest number of packages Tim can make?
39,35,2,The ages of two friends Anna and Ben differ by 3 years. Anna's father Denver is twice as old as Anna and Ben is twice as old as his sister Cathy. The ages of Cathy and Denver differ by 30 years. Find the ages of Anna and Ben.,225,Please read the following question and answer it now. The ages of two friends Anna and Ben differ by 3 years. Anna's father Denver is twice as old as Anna and Ben is twice as old as his sister Cathy. The ages of Cathy and Denver differ by 30 years. Find the ages of Anna and Ben.,You will receive a great reward for a correct answer. The ages of two friends Anna and Ben differ by 3 years. Anna's father Denver is twice as old as Anna and Ben is twice as old as his sister Cathy. The ages of Cathy and Denver differ by 30 years. Find the ages of Anna and Ben.,You will receive 100 US dollars for a correct answer. The ages of two friends Anna and Ben differ by 3 years. Anna's father Denver is twice as old as Anna and Ben is twice as old as his sister Cathy. The ages of Cathy and Denver differ by 30 years. Find the ages of Anna and Ben.
40,35,3,"London is 11 years old and Blair is 16 years old. Several years ago, Blair was twice as old as London. How old was London then?",127,"Please read the following question and answer it now. London is 11 years old and Blair is 16 years old. Several years ago, Blair was twice as old as London. How old was London then?","You will receive a great reward for a correct answer. London is 11 years old and Blair is 16 years old. Several years ago, Blair was twice as old as London. How old was London then?","You will receive 100 US dollars for a correct answer. London is 11 years old and Blair is 16 years old. Several years ago, Blair was twice as old as London. How old was London then?"
41,36,1,"In Rina's desk drawer, there are 18 paper clips and 12 rubber bands. In Mia's office supply tray, there are 15 paper clips and 10 rubber bands. Who has a lower ratio of paper clips to rubber bands?",197,"Please read the following question and answer it now. In Rina's desk drawer, there are 18 paper clips and 12 rubber bands. In Mia's office supply tray, there are 15 paper clips and 10 rubber bands. Who has a lower ratio of paper clips to rubber bands?","You will receive a great reward for a correct answer. In Rina's desk drawer, there are 18 paper clips and 12 rubber bands. In Mia's office supply tray, there are 15 paper clips and 10 rubber bands. Who has a lower ratio of paper clips to rubber bands?","You will receive 100 US dollars for a correct answer. In Rina's desk drawer, there are 18 paper clips and 12 rubber bands. In Mia's office supply tray, there are 15 paper clips and 10 rubber bands. Who has a lower ratio of paper clips to rubber bands?"
42,36,3,Robert wants to practice goal kicks for soccer. He decides to have 98 kicks before going home from the park. He takes 43 kicks before taking a break to get a drink of water. He then takes another 36 kicks. How many more kicks does he need to make before he goes home?,267,Please read the following question and answer it now. Robert wants to practice goal kicks for soccer. He decides to have 98 kicks before going home from the park. He takes 43 kicks before taking a break to get a drink of water. He then takes another 36 kicks. How many more kicks does he need to make before he goes home?,You will receive a great reward for a correct answer. Robert wants to practice goal kicks for soccer. He decides to have 98 kicks before going home from the park. He takes 43 kicks before taking a break to get a drink of water. He then takes another 36 kicks. How many more kicks does he need to make before he goes home?,You will receive 100 US dollars for a correct answer. Robert wants to practice goal kicks for soccer. He decides to have 98 kicks before going home from the park. He takes 43 kicks before taking a break to get a drink of water. He then takes another 36 kicks. How many more kicks does he need to make before he goes home?
43,38,1,Melissa scored 120 points in each game. How many points did she score in 10 games?,82,Please read the following question and answer it now. Melissa scored 120 points in each game. How many points did she score in 10 games?,You will receive a great reward for a correct answer. Melissa scored 120 points in each game. How many points did she score in 10 games?,You will receive 100 US dollars for a correct answer. Melissa scored 120 points in each game. How many points did she score in 10 games?
44,38,3,Paul was reading through his favorite book series. Each week he read four different books. How many books would he have read through after five weeks?,150,Please read the following question and answer it now. Paul was reading through his favorite book series. Each week he read four different books. How many books would he have read through after five weeks?,You will receive a great reward for a correct answer. Paul was reading through his favorite book series. Each week he read four different books. How many books would he have read through after five weeks?,You will receive 100 US dollars for a correct answer. Paul was reading through his favorite book series. Each week he read four different books. How many books would he have read through after five weeks?
45,41,2,The base of the parallelogram is 11 inches and its area is 132 Sq. inches. Find the height of the parallelogram.,112,Please read the following question and answer it now. The base of the parallelogram is 11 inches and its area is 132 Sq. inches. Find the height of the parallelogram.,You will receive a great reward for a correct answer. The base of the parallelogram is 11 inches and its area is 132 Sq. inches. Find the height of the parallelogram.,You will receive 100 US dollars for a correct answer. The base of the parallelogram is 11 inches and its area is 132 Sq. inches. Find the height of the parallelogram.
46,42,3,"There are 40 students in the school band. If the band instructor put the students into rows with 5 students in each row, how many rows could he make?",149,"Please read the following question and answer it now. There are 40 students in the school band. If the band instructor put the students into rows with 5 students in each row, how many rows could he make?","You will receive a great reward for a correct answer. There are 40 students in the school band. If the band instructor put the students into rows with 5 students in each row, how many rows could he make?","You will receive 100 US dollars for a correct answer. There are 40 students in the school band. If the band instructor put the students into rows with 5 students in each row, how many rows could he make?"
47,44,1,"Carmen is creating lollipop bouquets using 4 cherry lollipops and 6 orange lollipops. She wants each bouquet to be identical, with no lollipops left over. What is the greatest number of lollipop bouquets Carmen can create?",222,"Please read the following question and answer it now. Carmen is creating lollipop bouquets using 4 cherry lollipops and 6 orange lollipops. She wants each bouquet to be identical, with no lollipops left over. What is the greatest number of lollipop bouquets Carmen can create?","You will receive a great reward for a correct answer. Carmen is creating lollipop bouquets using 4 cherry lollipops and 6 orange lollipops. She wants each bouquet to be identical, with no lollipops left over. What is the greatest number of lollipop bouquets Carmen can create?","You will receive 100 US dollars for a correct answer. Carmen is creating lollipop bouquets using 4 cherry lollipops and 6 orange lollipops. She wants each bouquet to be identical, with no lollipops left over. What is the greatest number of lollipop bouquets Carmen can create?"
48,44,3,Kate has 223 pennies. John has 388 pennies. How many more pennies does John have?,81,Please read the following question and answer it now. Kate has 223 pennies. John has 388 pennies. How many more pennies does John have?,You will receive a great reward for a correct answer. Kate has 223 pennies. John has 388 pennies. How many more pennies does John have?,You will receive 100 US dollars for a correct answer. Kate has 223 pennies. John has 388 pennies. How many more pennies does John have?
49,45,1,For Bianca's birthday 5 of her friends gave her 6 dollars. How much money did she get for her birthday?,103,Please read the following question and answer it now. For Bianca's birthday 5 of her friends gave her 6 dollars. How much money did she get for her birthday?,You will receive a great reward for a correct answer. For Bianca's birthday 5 of her friends gave her 6 dollars. How much money did she get for her birthday?,You will receive 100 US dollars for a correct answer. For Bianca's birthday 5 of her friends gave her 6 dollars. How much money did she get for her birthday?
50,46,2,"In a morning walk, two persons start off together. Their steps measure 75 cm, and 90 cm respectively. What is the minimum distance each should walk so that all can cover the same distance in complete steps?",206,"Please read the following question and answer it now. In a morning walk, two persons start off together. Their steps measure 75 cm, and 90 cm respectively. What is the minimum distance each should walk so that all can cover the same distance in complete steps?","You will receive a great reward for a correct answer. In a morning walk, two persons start off together. Their steps measure 75 cm, and 90 cm respectively. What is the minimum distance each should walk so that all can cover the same distance in complete steps?","You will receive 100 US dollars for a correct answer. In a morning walk, two persons start off together. Their steps measure 75 cm, and 90 cm respectively. What is the minimum distance each should walk so that all can cover the same distance in complete steps?"
51,46,4,"At a carnival, there are 87 kids, teenagers, and adults waiting to get in. 24 are teenagers, 19 are adults, and the rest are kids. How many kids are waiting in line at the carnival?",181,"Please read the following question and answer it now. At a carnival, there are 87 kids, teenagers, and adults waiting to get in. 24 are teenagers, 19 are adults, and the rest are kids. How many kids are waiting in line at the carnival?","You will receive a great reward for a correct answer. At a carnival, there are 87 kids, teenagers, and adults waiting to get in. 24 are teenagers, 19 are adults, and the rest are kids. How many kids are waiting in line at the carnival?","You will receive 100 US dollars for a correct answer. At a carnival, there are 87 kids, teenagers, and adults waiting to get in. 24 are teenagers, 19 are adults, and the rest are kids. How many kids are waiting in line at the carnival?"
52,47,2,Mrs. Hilt has 40 markers. They are divided equally into 7 packages. Mrs. Hilt wants to know how many markers are leftover?,122,Please read the following question and answer it now. Mrs. Hilt has 40 markers. They are divided equally into 7 packages. Mrs. Hilt wants to know how many markers are leftover?,You will receive a great reward for a correct answer. Mrs. Hilt has 40 markers. They are divided equally into 7 packages. Mrs. Hilt wants to know how many markers are leftover?,You will receive 100 US dollars for a correct answer. Mrs. Hilt has 40 markers. They are divided equally into 7 packages. Mrs. Hilt wants to know how many markers are leftover?
53,47,3,"With the win streak that they have, Chuck's team was able to get into the playoffs. They reached the semi-finals where they played against the Black Team. If they finished the game with 83 points and won it by 18 points, what is the Black Team's final score?",258,"Please read the following question and answer it now. With the win streak that they have, Chuck's team was able to get into the playoffs. They reached the semi-finals where they played against the Black Team. If they finished the game with 83 points and won it by 18 points, what is the Black Team's final score?","You will receive a great reward for a correct answer. With the win streak that they have, Chuck's team was able to get into the playoffs. They reached the semi-finals where they played against the Black Team. If they finished the game with 83 points and won it by 18 points, what is the Black Team's final score?","You will receive 100 US dollars for a correct answer. With the win streak that they have, Chuck's team was able to get into the playoffs. They reached the semi-finals where they played against the Black Team. If they finished the game with 83 points and won it by 18 points, what is the Black Team's final score?"
54,48,2,"Antonia has 79 Barbie Dolls. She packs away them in two wardrobes. If there are 35 Barbie Dolls in the first wardrobe, how many more Barbie Dolls are there in the second wardrobe than the first?",194,"Please read the following question and answer it now. Antonia has 79 Barbie Dolls. She packs away them in two wardrobes. If there are 35 Barbie Dolls in the first wardrobe, how many more Barbie Dolls are there in the second wardrobe than the first?","You will receive a great reward for a correct answer. Antonia has 79 Barbie Dolls. She packs away them in two wardrobes. If there are 35 Barbie Dolls in the first wardrobe, how many more Barbie Dolls are there in the second wardrobe than the first?","You will receive 100 US dollars for a correct answer. Antonia has 79 Barbie Dolls. She packs away them in two wardrobes. If there are 35 Barbie Dolls in the first wardrobe, how many more Barbie Dolls are there in the second wardrobe than the first?"
55,49,2,"A restaurant needs to buy three hundred eighty-seven new plates. If each box has five plates in it, how many boxes will they need to buy?",137,"Please read the following question and answer it now. A restaurant needs to buy three hundred eighty-seven new plates. If each box has five plates in it, how many boxes will they need to buy?","You will receive a great reward for a correct answer. A restaurant needs to buy three hundred eighty-seven new plates. If each box has five plates in it, how many boxes will they need to buy?","You will receive 100 US dollars for a correct answer. A restaurant needs to buy three hundred eighty-seven new plates. If each box has five plates in it, how many boxes will they need to buy?"
56,49,3,Sandy had twenty-six pet fish. She bought six more fish. How many pet fish does Sandy have now?,95,Please read the following question and answer it now. Sandy had twenty-six pet fish. She bought six more fish. How many pet fish does Sandy have now?,You will receive a great reward for a correct answer. Sandy had twenty-six pet fish. She bought six more fish. How many pet fish does Sandy have now?,You will receive 100 US dollars for a correct answer. Sandy had twenty-six pet fish. She bought six more fish. How many pet fish does Sandy have now?
57,51,3,A fruit seller bought 75 mangoes and 125 apples from vendor. Find the ratio mangoes to apples bought.,101,Please read the following question and answer it now. A fruit seller bought 75 mangoes and 125 apples from vendor. Find the ratio mangoes to apples bought.,You will receive a great reward for a correct answer. A fruit seller bought 75 mangoes and 125 apples from vendor. Find the ratio mangoes to apples bought.,You will receive 100 US dollars for a correct answer. A fruit seller bought 75 mangoes and 125 apples from vendor. Find the ratio mangoes to apples bought.
58,52,2,"Victor bought several boxes of books at a yard sale and ended up with twenty-four books total. If each box had three books, how many boxes did he buy?",150,"Please read the following question and answer it now. Victor bought several boxes of books at a yard sale and ended up with twenty-four books total. If each box had three books, how many boxes did he buy?","You will receive a great reward for a correct answer. Victor bought several boxes of books at a yard sale and ended up with twenty-four books total. If each box had three books, how many boxes did he buy?","You will receive 100 US dollars for a correct answer. Victor bought several boxes of books at a yard sale and ended up with twenty-four books total. If each box had three books, how many boxes did he buy?"
59,54,3,Time in the Philippines is one hour ahead of the time in Japan. Luz who is in Manila called up her friend who is in Japan at 12:55 am on 25 December 2014. What day and time was it in Japan?,189,Please read the following question and answer it now. Time in the Philippines is one hour ahead of the time in Japan. Luz who is in Manila called up her friend who is in Japan at 12:55 am on 25 December 2014. What day and time was it in Japan?,You will receive a great reward for a correct answer. Time in the Philippines is one hour ahead of the time in Japan. Luz who is in Manila called up her friend who is in Japan at 12:55 am on 25 December 2014. What day and time was it in Japan?,You will receive 100 US dollars for a correct answer. Time in the Philippines is one hour ahead of the time in Japan. Luz who is in Manila called up her friend who is in Japan at 12:55 am on 25 December 2014. What day and time was it in Japan?
60,55,1,"The friends then proceeded to the rest of the houses in their village. However, Sam had to go home earlier. She got her share of candies which are composed of 10 chewing gums, 15 chocolate bars, and 20 assorted fruit candies. How many candies did she get in total?",264,"Please read the following question and answer it now. The friends then proceeded to the rest of the houses in their village. However, Sam had to go home earlier. She got her share of candies which are composed of 10 chewing gums, 15 chocolate bars, and 20 assorted fruit candies. How many candies did she get in total?","You will receive a great reward for a correct answer. The friends then proceeded to the rest of the houses in their village. However, Sam had to go home earlier. She got her share of candies which are composed of 10 chewing gums, 15 chocolate bars, and 20 assorted fruit candies. How many candies did she get in total?","You will receive 100 US dollars for a correct answer. The friends then proceeded to the rest of the houses in their village. However, Sam had to go home earlier. She got her share of candies which are composed of 10 chewing gums, 15 chocolate bars, and 20 assorted fruit candies. How many candies did she get in total?"
61,58,2,"The second angle of a triangle is three times the first, and the third is 12 degrees less than twice the first. Find the measures of the angles.",144,"Please read the following question and answer it now. The second angle of a triangle is three times the first, and the third is 12 degrees less than twice the first. Find the measures of the angles.","You will receive a great reward for a correct answer. The second angle of a triangle is three times the first, and the third is 12 degrees less than twice the first. Find the measures of the angles.","You will receive 100 US dollars for a correct answer. The second angle of a triangle is three times the first, and the third is 12 degrees less than twice the first. Find the measures of the angles."
62,59,1,"I think of a number. If I subtract 6 from the number and divide it by 13, I will get the result as 2. Find the number in my mind.",129,"Please read the following question and answer it now. I think of a number. If I subtract 6 from the number and divide it by 13, I will get the result as 2. Find the number in my mind.","You will receive a great reward for a correct answer. I think of a number. If I subtract 6 from the number and divide it by 13, I will get the result as 2. Find the number in my mind.","You will receive 100 US dollars for a correct answer. I think of a number. If I subtract 6 from the number and divide it by 13, I will get the result as 2. Find the number in my mind."
63,59,3,"Bob strikes the drums every 9 seconds and the cymbals every 12 seconds. If he just struck both at the same time, how many seconds will pass before he again strikes them at the same time?",186,"Please read the following question and answer it now. Bob strikes the drums every 9 seconds and the cymbals every 12 seconds. If he just struck both at the same time, how many seconds will pass before he again strikes them at the same time?","You will receive a great reward for a correct answer. Bob strikes the drums every 9 seconds and the cymbals every 12 seconds. If he just struck both at the same time, how many seconds will pass before he again strikes them at the same time?","You will receive 100 US dollars for a correct answer. Bob strikes the drums every 9 seconds and the cymbals every 12 seconds. If he just struck both at the same time, how many seconds will pass before he again strikes them at the same time?"
64,59,4,The host prepared nineteen cakes for the party. After the party he had nine left. How many cakes did people eat in the party?,125,Please read the following question and answer it now. The host prepared nineteen cakes for the party. After the party he had nine left. How many cakes did people eat in the party?,You will receive a great reward for a correct answer. The host prepared nineteen cakes for the party. After the party he had nine left. How many cakes did people eat in the party?,You will receive 100 US dollars for a correct answer. The host prepared nineteen cakes for the party. After the party he had nine left. How many cakes did people eat in the party?
65,60,1,"Kyle has four dimes, one nickel, and one quarter. Does he have enough to buy a book that costs $1.00?",101,"Please read the following question and answer it now. Kyle has four dimes, one nickel, and one quarter. Does he have enough to buy a book that costs $1.00?","You will receive a great reward for a correct answer. Kyle has four dimes, one nickel, and one quarter. Does he have enough to buy a book that costs $1.00?","You will receive 100 US dollars for a correct answer. Kyle has four dimes, one nickel, and one quarter. Does he have enough to buy a book that costs $1.00?"
66,64,4,"At summer camp the ratio of boys to girls was 10:1. If there were 30 boys, how many girls were there?",101,"Please read the following question and answer it now. At summer camp the ratio of boys to girls was 10:1. If there were 30 boys, how many girls were there?","You will receive a great reward for a correct answer. At summer camp the ratio of boys to girls was 10:1. If there were 30 boys, how many girls were there?","You will receive 100 US dollars for a correct answer. At summer camp the ratio of boys to girls was 10:1. If there were 30 boys, how many girls were there?"
67,65,3,"Britney brewed lemon tea that's enough to fill ten cups. If she serves this to her parents and three siblings and they share this equally, how many cups will each have?",168,"Please read the following question and answer it now. Britney brewed lemon tea that's enough to fill ten cups. If she serves this to her parents and three siblings and they share this equally, how many cups will each have?","You will receive a great reward for a correct answer. Britney brewed lemon tea that's enough to fill ten cups. If she serves this to her parents and three siblings and they share this equally, how many cups will each have?","You will receive 100 US dollars for a correct answer. Britney brewed lemon tea that's enough to fill ten cups. If she serves this to her parents and three siblings and they share this equally, how many cups will each have?"
68,69,2,"Sam has 389 riddles for 18 of his students to guess. If he wants the students to guess the same number of riddles, at least how many more riddles does he need to distribute?",173,"Please read the following question and answer it now. Sam has 389 riddles for 18 of his students to guess. If he wants the students to guess the same number of riddles, at least how many more riddles does he need to distribute?","You will receive a great reward for a correct answer. Sam has 389 riddles for 18 of his students to guess. If he wants the students to guess the same number of riddles, at least how many more riddles does he need to distribute?","You will receive 100 US dollars for a correct answer. Sam has 389 riddles for 18 of his students to guess. If he wants the students to guess the same number of riddles, at least how many more riddles does he need to distribute?"
69,69,3,"The length of the rectangular building is 7 ft more than its width. If the perimeter of the building wall is 98 ft, find its length and width.",142,"Please read the following question and answer it now. The length of the rectangular building is 7 ft more than its width. If the perimeter of the building wall is 98 ft, find its length and width.","You will receive a great reward for a correct answer. The length of the rectangular building is 7 ft more than its width. If the perimeter of the building wall is 98 ft, find its length and width.","You will receive 100 US dollars for a correct answer. The length of the rectangular building is 7 ft more than its width. If the perimeter of the building wall is 98 ft, find its length and width."
70,70,4,The ratio of the cost of a DVD player to the cost of a movie is 9:2. A DVD player costs $63 more than a movie. What is the cost of a DVD player?,144,Please read the following question and answer it now. The ratio of the cost of a DVD player to the cost of a movie is 9:2. A DVD player costs $63 more than a movie. What is the cost of a DVD player?,You will receive a great reward for a correct answer. The ratio of the cost of a DVD player to the cost of a movie is 9:2. A DVD player costs $63 more than a movie. What is the cost of a DVD player?,You will receive 100 US dollars for a correct answer. The ratio of the cost of a DVD player to the cost of a movie is 9:2. A DVD player costs $63 more than a movie. What is the cost of a DVD player?
71,71,3,"After going down the falls, he then went to Rock Mist Mountains. If the mountain is 50 times farther from the city than Sky Falls and Sky Falls is 8 miles from the city, how far is the Rocky Mist from the city?",210,"Please read the following question and answer it now. After going down the falls, he then went to Rock Mist Mountains. If the mountain is 50 times farther from the city than Sky Falls and Sky Falls is 8 miles from the city, how far is the Rocky Mist from the city?","You will receive a great reward for a correct answer. After going down the falls, he then went to Rock Mist Mountains. If the mountain is 50 times farther from the city than Sky Falls and Sky Falls is 8 miles from the city, how far is the Rocky Mist from the city?","You will receive 100 US dollars for a correct answer. After going down the falls, he then went to Rock Mist Mountains. If the mountain is 50 times farther from the city than Sky Falls and Sky Falls is 8 miles from the city, how far is the Rocky Mist from the city?"
72,72,2,"The two groups will also collect garbage from all the 453 houses in the city. If Lizzie's group covered 238 houses while the other group covered 190, how many more houses remain?",178,"Please read the following question and answer it now. The two groups will also collect garbage from all the 453 houses in the city. If Lizzie's group covered 238 houses while the other group covered 190, how many more houses remain?","You will receive a great reward for a correct answer. The two groups will also collect garbage from all the 453 houses in the city. If Lizzie's group covered 238 houses while the other group covered 190, how many more houses remain?","You will receive 100 US dollars for a correct answer. The two groups will also collect garbage from all the 453 houses in the city. If Lizzie's group covered 238 houses while the other group covered 190, how many more houses remain?"
73,72,4,Lemon heads come in packages of 5. Ann ate 78 Lemon Heads. How many Lemon Heads does she have left?,99,Please read the following question and answer it now. Lemon heads come in packages of 5. Ann ate 78 Lemon Heads. How many Lemon Heads does she have left?,You will receive a great reward for a correct answer. Lemon heads come in packages of 5. Ann ate 78 Lemon Heads. How many Lemon Heads does she have left?,You will receive 100 US dollars for a correct answer. Lemon heads come in packages of 5. Ann ate 78 Lemon Heads. How many Lemon Heads does she have left?
74,73,2,Paul spent $75. Now he has $11. What's the difference between the number of dollars that he spent and he has now?,113,Please read the following question and answer it now. Paul spent $75. Now he has $11. What's the difference between the number of dollars that he spent and he has now?,You will receive a great reward for a correct answer. Paul spent $75. Now he has $11. What's the difference between the number of dollars that he spent and he has now?,You will receive 100 US dollars for a correct answer. Paul spent $75. Now he has $11. What's the difference between the number of dollars that he spent and he has now?
75,74,2,Coach Mike bought several cups of lemonade. The girls told him it would cost 58 cents. The coach gave the girls 75 cents. How much change did Coach Mike get back?,162,Please read the following question and answer it now. Coach Mike bought several cups of lemonade. The girls told him it would cost 58 cents. The coach gave the girls 75 cents. How much change did Coach Mike get back?,You will receive a great reward for a correct answer. Coach Mike bought several cups of lemonade. The girls told him it would cost 58 cents. The coach gave the girls 75 cents. How much change did Coach Mike get back?,You will receive 100 US dollars for a correct answer. Coach Mike bought several cups of lemonade. The girls told him it would cost 58 cents. The coach gave the girls 75 cents. How much change did Coach Mike get back?
76,74,4,"The area of right angled triangle is 32 sq. cm. If the base is 8 cm, find its height.",85,"Please read the following question and answer it now. The area of right angled triangle is 32 sq. cm. If the base is 8 cm, find its height.","You will receive a great reward for a correct answer. The area of right angled triangle is 32 sq. cm. If the base is 8 cm, find its height.","You will receive 100 US dollars for a correct answer. The area of right angled triangle is 32 sq. cm. If the base is 8 cm, find its height."
77,76,2,Jermaine saved $43 in March. He saved $19 in April and $16 in May. Then Jermaine spent $77 on a keyboard. How much money does Jermaine have left?,145,Please read the following question and answer it now. Jermaine saved $43 in March. He saved $19 in April and $16 in May. Then Jermaine spent $77 on a keyboard. How much money does Jermaine have left?,You will receive a great reward for a correct answer. Jermaine saved $43 in March. He saved $19 in April and $16 in May. Then Jermaine spent $77 on a keyboard. How much money does Jermaine have left?,You will receive 100 US dollars for a correct answer. Jermaine saved $43 in March. He saved $19 in April and $16 in May. Then Jermaine spent $77 on a keyboard. How much money does Jermaine have left?
78,76,3,"While shopping for music online, Zoe bought three country albums and five pop albums. Each album came with a lyric sheet and had three songs. How many songs did Zoe buy total?",175,"Please read the following question and answer it now. While shopping for music online, Zoe bought three country albums and five pop albums. Each album came with a lyric sheet and had three songs. How many songs did Zoe buy total?","You will receive a great reward for a correct answer. While shopping for music online, Zoe bought three country albums and five pop albums. Each album came with a lyric sheet and had three songs. How many songs did Zoe buy total?","You will receive 100 US dollars for a correct answer. While shopping for music online, Zoe bought three country albums and five pop albums. Each album came with a lyric sheet and had three songs. How many songs did Zoe buy total?"
79,78,1,"If Simon needs to make 519 gift bags at a rate of 42 bags per day, how many days does he need to finish making all the gift boxes?",130,"Please read the following question and answer it now. If Simon needs to make 519 gift bags at a rate of 42 bags per day, how many days does he need to finish making all the gift boxes?","You will receive a great reward for a correct answer. If Simon needs to make 519 gift bags at a rate of 42 bags per day, how many days does he need to finish making all the gift boxes?","You will receive 100 US dollars for a correct answer. If Simon needs to make 519 gift bags at a rate of 42 bags per day, how many days does he need to finish making all the gift boxes?"
80,78,2,Lino picked up 292 shells at the seashore in the morning and 324 shells in the afternoon. How many shells did he pick up in all?,128,Please read the following question and answer it now. Lino picked up 292 shells at the seashore in the morning and 324 shells in the afternoon. How many shells did he pick up in all?,You will receive a great reward for a correct answer. Lino picked up 292 shells at the seashore in the morning and 324 shells in the afternoon. How many shells did he pick up in all?,You will receive 100 US dollars for a correct answer. Lino picked up 292 shells at the seashore in the morning and 324 shells in the afternoon. How many shells did he pick up in all?
81,79,1,"Debby had 873 quarters. If it costs 3 quarters for each coke from a coke machine, how many could she buy?",105,"Please read the following question and answer it now. Debby had 873 quarters. If it costs 3 quarters for each coke from a coke machine, how many could she buy?","You will receive a great reward for a correct answer. Debby had 873 quarters. If it costs 3 quarters for each coke from a coke machine, how many could she buy?","You will receive 100 US dollars for a correct answer. Debby had 873 quarters. If it costs 3 quarters for each coke from a coke machine, how many could she buy?"
82,80,1,"By coincidence, Luther's Paint Supplies sold equal quantities of two paint colors yesterday: yellow and blue. All yellow paint comes in 2-liter containers while blue paint is sold in containers of 19 liter. What is the smallest amount of each paint color the store must have sold?",280,"Please read the following question and answer it now. By coincidence, Luther's Paint Supplies sold equal quantities of two paint colors yesterday: yellow and blue. All yellow paint comes in 2-liter containers while blue paint is sold in containers of 19 liter. What is the smallest amount of each paint color the store must have sold?","You will receive a great reward for a correct answer. By coincidence, Luther's Paint Supplies sold equal quantities of two paint colors yesterday: yellow and blue. All yellow paint comes in 2-liter containers while blue paint is sold in containers of 19 liter. What is the smallest amount of each paint color the store must have sold?","You will receive 100 US dollars for a correct answer. By coincidence, Luther's Paint Supplies sold equal quantities of two paint colors yesterday: yellow and blue. All yellow paint comes in 2-liter containers while blue paint is sold in containers of 19 liter. What is the smallest amount of each paint color the store must have sold?"
83,81,2,"There are three bosses in a computer game. Boss A appears every 1 hour. Boss B appears every 30 minutes. Boss C appears every 40 minutes. If the three bosses appear together at 10:10, at what time will the three bosses appear together again in the game?",253,"Please read the following question and answer it now. There are three bosses in a computer game. Boss A appears every 1 hour. Boss B appears every 30 minutes. Boss C appears every 40 minutes. If the three bosses appear together at 10:10, at what time will the three bosses appear together again in the game?","You will receive a great reward for a correct answer. There are three bosses in a computer game. Boss A appears every 1 hour. Boss B appears every 30 minutes. Boss C appears every 40 minutes. If the three bosses appear together at 10:10, at what time will the three bosses appear together again in the game?","You will receive 100 US dollars for a correct answer. There are three bosses in a computer game. Boss A appears every 1 hour. Boss B appears every 30 minutes. Boss C appears every 40 minutes. If the three bosses appear together at 10:10, at what time will the three bosses appear together again in the game?"
84,82,4,Maria had fifty sheets of paper in her desk and forty-one more in her backpack. How many did she have total?,108,Please read the following question and answer it now. Maria had fifty sheets of paper in her desk and forty-one more in her backpack. How many did she have total?,You will receive a great reward for a correct answer. Maria had fifty sheets of paper in her desk and forty-one more in her backpack. How many did she have total?,You will receive 100 US dollars for a correct answer. Maria had fifty sheets of paper in her desk and forty-one more in her backpack. How many did she have total?
85,83,4,"There are 270 seats in a movie theater. If the movie theater has 9 sections with the same number of seats in each section, how many seats are in each section?",158,"Please read the following question and answer it now. There are 270 seats in a movie theater. If the movie theater has 9 sections with the same number of seats in each section, how many seats are in each section?","You will receive a great reward for a correct answer. There are 270 seats in a movie theater. If the movie theater has 9 sections with the same number of seats in each section, how many seats are in each section?","You will receive 100 US dollars for a correct answer. There are 270 seats in a movie theater. If the movie theater has 9 sections with the same number of seats in each section, how many seats are in each section?"
86,84,1,"After collecting materials, they started making recycled products to sell during the school's recycling fair. If Marcus made 26 pen holders from the milk bottles and Annie was able to make 37, how many pen holders were made?",224,"Please read the following question and answer it now. After collecting materials, they started making recycled products to sell during the school's recycling fair. If Marcus made 26 pen holders from the milk bottles and Annie was able to make 37, how many pen holders were made?","You will receive a great reward for a correct answer. After collecting materials, they started making recycled products to sell during the school's recycling fair. If Marcus made 26 pen holders from the milk bottles and Annie was able to make 37, how many pen holders were made?","You will receive 100 US dollars for a correct answer. After collecting materials, they started making recycled products to sell during the school's recycling fair. If Marcus made 26 pen holders from the milk bottles and Annie was able to make 37, how many pen holders were made?"
87,86,3,"The capacity of a tank is 32 gallons. If a company bought 728 gallons of oil, how many tanks are needed to hold all the oil?",124,"Please read the following question and answer it now. The capacity of a tank is 32 gallons. If a company bought 728 gallons of oil, how many tanks are needed to hold all the oil?","You will receive a great reward for a correct answer. The capacity of a tank is 32 gallons. If a company bought 728 gallons of oil, how many tanks are needed to hold all the oil?","You will receive 100 US dollars for a correct answer. The capacity of a tank is 32 gallons. If a company bought 728 gallons of oil, how many tanks are needed to hold all the oil?"
88,87,3,"Nancy sold 45 boxes of Tagalongs. How many cases of 12 boxes, plus extra boxes does Nancy need?",95,"Please read the following question and answer it now. Nancy sold 45 boxes of Tagalongs. How many cases of 12 boxes, plus extra boxes does Nancy need?","You will receive a great reward for a correct answer. Nancy sold 45 boxes of Tagalongs. How many cases of 12 boxes, plus extra boxes does Nancy need?","You will receive 100 US dollars for a correct answer. Nancy sold 45 boxes of Tagalongs. How many cases of 12 boxes, plus extra boxes does Nancy need?"
89,88,1,"Denver the Dog is a famous architect in the city of Animapolis. Together with his engineer friend Wally the Wolf, they decided to build the tallest building ever, the Animus Tower. To make sure the framework of the tower is strongly built, they hired the best builders in town. If they hired 318 beavers and 544 spiders, how many workers in total did they hire to make the framework?",383,"Please read the following question and answer it now. Denver the Dog is a famous architect in the city of Animapolis. Together with his engineer friend Wally the Wolf, they decided to build the tallest building ever, the Animus Tower. To make sure the framework of the tower is strongly built, they hired the best builders in town. If they hired 318 beavers and 544 spiders, how many workers in total did they hire to make the framework?","You will receive a great reward for a correct answer. Denver the Dog is a famous architect in the city of Animapolis. Together with his engineer friend Wally the Wolf, they decided to build the tallest building ever, the Animus Tower. To make sure the framework of the tower is strongly built, they hired the best builders in town. If they hired 318 beavers and 544 spiders, how many workers in total did they hire to make the framework?","You will receive 100 US dollars for a correct answer. Denver the Dog is a famous architect in the city of Animapolis. Together with his engineer friend Wally the Wolf, they decided to build the tallest building ever, the Animus Tower. To make sure the framework of the tower is strongly built, they hired the best builders in town. If they hired 318 beavers and 544 spiders, how many workers in total did they hire to make the framework?"
90,89,2,A package had eighteen cookies in it. After eating some there were nine left. How many were eaten?,98,Please read the following question and answer it now. A package had eighteen cookies in it. After eating some there were nine left. How many were eaten?,You will receive a great reward for a correct answer. A package had eighteen cookies in it. After eating some there were nine left. How many were eaten?,You will receive 100 US dollars for a correct answer. A package had eighteen cookies in it. After eating some there were nine left. How many were eaten?
91,90,1,Luke was helping his mom wash clothes. They washed six loads with seven towels in each load. How many towels did they wash total?,129,Please read the following question and answer it now. Luke was helping his mom wash clothes. They washed six loads with seven towels in each load. How many towels did they wash total?,You will receive a great reward for a correct answer. Luke was helping his mom wash clothes. They washed six loads with seven towels in each load. How many towels did they wash total?,You will receive 100 US dollars for a correct answer. Luke was helping his mom wash clothes. They washed six loads with seven towels in each load. How many towels did they wash total?
92,92,2,"A group of 8 friends were playing a video game. In the game, each player started with 8 lives. How many lives did they have totaled?",132,"Please read the following question and answer it now. A group of 8 friends were playing a video game. In the game, each player started with 8 lives. How many lives did they have totaled?","You will receive a great reward for a correct answer. A group of 8 friends were playing a video game. In the game, each player started with 8 lives. How many lives did they have totaled?","You will receive 100 US dollars for a correct answer. A group of 8 friends were playing a video game. In the game, each player started with 8 lives. How many lives did they have totaled?"
93,92,4,Frankie and Max went trick-or-treating. Frankie got 74 pieces of candy. Max got 92 pieces of candy. How many more pieces of candy did Max get?,142,Please read the following question and answer it now. Frankie and Max went trick-or-treating. Frankie got 74 pieces of candy. Max got 92 pieces of candy. How many more pieces of candy did Max get?,You will receive a great reward for a correct answer. Frankie and Max went trick-or-treating. Frankie got 74 pieces of candy. Max got 92 pieces of candy. How many more pieces of candy did Max get?,You will receive 100 US dollars for a correct answer. Frankie and Max went trick-or-treating. Frankie got 74 pieces of candy. Max got 92 pieces of candy. How many more pieces of candy did Max get?
94,93,2,"Stanley, a car enthusiast, loves to drive across different places as a hobby. So for his vacation, he decided to go around his favorite places. His first destination is the famous Sky Falls, one of the tallest waterfalls in his country. It is said to be 20 times as tall as the tallest building in their city. If the building is 9 feet tall, how tall is Sky Falls?",364,"Please read the following question and answer it now. Stanley, a car enthusiast, loves to drive across different places as a hobby. So for his vacation, he decided to go around his favorite places. His first destination is the famous Sky Falls, one of the tallest waterfalls in his country. It is said to be 20 times as tall as the tallest building in their city. If the building is 9 feet tall, how tall is Sky Falls?","You will receive a great reward for a correct answer. Stanley, a car enthusiast, loves to drive across different places as a hobby. So for his vacation, he decided to go around his favorite places. His first destination is the famous Sky Falls, one of the tallest waterfalls in his country. It is said to be 20 times as tall as the tallest building in their city. If the building is 9 feet tall, how tall is Sky Falls?","You will receive 100 US dollars for a correct answer. Stanley, a car enthusiast, loves to drive across different places as a hobby. So for his vacation, he decided to go around his favorite places. His first destination is the famous Sky Falls, one of the tallest waterfalls in his country. It is said to be 20 times as tall as the tallest building in their city. If the building is 9 feet tall, how tall is Sky Falls?"
95,93,3,At present a father is three times as old as his son. After 12 years his age will be twice the age of his son. Find their present ages?,135,Please read the following question and answer it now. At present a father is three times as old as his son. After 12 years his age will be twice the age of his son. Find their present ages?,You will receive a great reward for a correct answer. At present a father is three times as old as his son. After 12 years his age will be twice the age of his son. Find their present ages?,You will receive 100 US dollars for a correct answer. At present a father is three times as old as his son. After 12 years his age will be twice the age of his son. Find their present ages?
96,94,2,"Out of the 26 students in the gym, 4 are sitting on the bleachers and the rest are sitting on the floor. What is the ratio of the number of students sitting on the floor to the total number of students?",202,"Please read the following question and answer it now. Out of the 26 students in the gym, 4 are sitting on the bleachers and the rest are sitting on the floor. What is the ratio of the number of students sitting on the floor to the total number of students?","You will receive a great reward for a correct answer. Out of the 26 students in the gym, 4 are sitting on the bleachers and the rest are sitting on the floor. What is the ratio of the number of students sitting on the floor to the total number of students?","You will receive 100 US dollars for a correct answer. Out of the 26 students in the gym, 4 are sitting on the bleachers and the rest are sitting on the floor. What is the ratio of the number of students sitting on the floor to the total number of students?"
97,94,4,"While playing basketball Team A scored 18 points. If each person scored 2 points, how many people were playing?",111,"Please read the following question and answer it now. While playing basketball Team A scored 18 points. If each person scored 2 points, how many people were playing?","You will receive a great reward for a correct answer. While playing basketball Team A scored 18 points. If each person scored 2 points, how many people were playing?","You will receive 100 US dollars for a correct answer. While playing basketball Team A scored 18 points. If each person scored 2 points, how many people were playing?"
98,95,3,At the arcade Dave spent forty-three tickets on stuffed tiger. Then he had fifty-five left. How many tickets did Dave have to start with?,137,Please read the following question and answer it now. At the arcade Dave spent forty-three tickets on stuffed tiger. Then he had fifty-five left. How many tickets did Dave have to start with?,You will receive a great reward for a correct answer. At the arcade Dave spent forty-three tickets on stuffed tiger. Then he had fifty-five left. How many tickets did Dave have to start with?,You will receive 100 US dollars for a correct answer. At the arcade Dave spent forty-three tickets on stuffed tiger. Then he had fifty-five left. How many tickets did Dave have to start with?
99,95,4,A farmer had 225 seeds to plant. He planted the same number of seeds each day and it took him 5 days to plant them all. How many seeds did he plant per day?,156,Please read the following question and answer it now. A farmer had 225 seeds to plant. He planted the same number of seeds each day and it took him 5 days to plant them all. How many seeds did he plant per day?,You will receive a great reward for a correct answer. A farmer had 225 seeds to plant. He planted the same number of seeds each day and it took him 5 days to plant them all. How many seeds did he plant per day?,You will receive 100 US dollars for a correct answer. A farmer had 225 seeds to plant. He planted the same number of seeds each day and it took him 5 days to plant them all. How many seeds did he plant per day?
100,96,4,Richard and Bruno played miniature golf. Richard's score was 62. Bruno's score was 14 points lower than Richard's score. What was Bruno's score?,144,Please read the following question and answer it now. Richard and Bruno played miniature golf. Richard's score was 62. Bruno's score was 14 points lower than Richard's score. What was Bruno's score?,You will receive a great reward for a correct answer. Richard and Bruno played miniature golf. Richard's score was 62. Bruno's score was 14 points lower than Richard's score. What was Bruno's score?,You will receive 100 US dollars for a correct answer. Richard and Bruno played miniature golf. Richard's score was 62. Bruno's score was 14 points lower than Richard's score. What was Bruno's score?
